Date,Oil,Green,Market,Brown
2019-01-03,0.011748489949825535,-0.008448833375374899,-0.024152130220462094,-0.00996743560361252
2019-01-04,0.018306643574110024,0.02985284783011405,0.03294694087271376,0.033457916233708335
2019-01-07,0.011608782440465858,0.008201355394324828,0.007853896547215092,0.014756113595264927
2019-01-08,0.02563717890710155,0.011601257459555214,0.009351622981587922,0.0077057559473067095
2019-01-09,0.050529680281041586,0.00804118942857643,0.004662194742583278,0.01571776646061337
2019-01-10,0.004383037804186959,0.01137676450366281,0.003521580965701299,0.002889451997432544
2019-01-11,-0.019198132288453507,0.005640445731316539,0.0003862130002847019,-0.005948936902365098
2019-01-14,-0.021156554964686724,-0.004509808543364685,-0.0061197269886344285,-0.0024219318665763662
2019-01-15,0.03118557738430152,-0.005665657146139903,0.011395762763051162,0.0035503821894212143
2019-01-16,0.003830703001577877,0.003403221154394197,0.0024169348654059083,-0.001289882391472616
2019-01-17,-0.004598622321521806,0.014615333048550063,0.007557913453780404,0.009151650946705737
2019-01-18,0.032684491672775574,-0.0011169818743508103,0.01322223703743293,0.020094128474746505
2019-01-22,-0.023127843960483143,-0.012366552370405244,-0.013602603523251974,-0.022013733531522774
2019-01-23,0.0009506462872664309,0.012366552370405251,0.0020904207763957298,-0.010301331317036262
2019-01-24,0.009645505253166787,0.02210049735368523,0.0005312579411171896,0.0053249401609296336
2019-01-25,0.010484978289667176,0.006536173426732695,0.008425898328549253,0.012633217439895717
2019-01-28,-0.03217531417628511,-0.005444162860399997,-0.007629411579845235,-0.0100615892613141
2019-01-29,0.025072531915106076,0.010858171119545006,-0.001327744689821064,0.003045096816130225
2019-01-30,0.017110295816671183,0.006458444141219492,0.015706480233232234,0.01398409654963643
2019-01-31,-0.008146659106265738,0.01807641453516139,0.008744330288798117,0.006449013825506622
2019-02-01,0.026961695815726383,0.0010529071664372243,0.00048123683191037507,0.017253624131866423
2019-02-04,-0.012748250415781795,-0.0010529071664370823,0.007010741742096344,0.002309052655292937
2019-02-05,-0.016633196551623958,0.007348812185124737,0.004183520162514627,0.0015365190588830435
2019-02-06,0.0065013413739636915,-0.00629590501868765,-0.001319195628812299,-0.0073960905497708574
2019-02-07,-0.025692908105598683,-0.01058218060806385,-0.009578823022494402,-0.022363943199636308
2019-02-08,0.0015186379264741983,-0.002129918447169052,0.0012210452496890652,-0.004596816856242563
2019-02-11,-0.005897503446063548,0.008492919906939494,0.0005543855834673393,0.004755025887205459
2019-02-12,0.01307948960929561,0.00842063158986646,0.01277757826387048,0.012570736508708947
2019-02-13,0.014953606712449281,0.0010480477859824882,0.003241453258530032,0.012414834714641124
2019-02-14,0.009417451469032376,0.009379972037970365,-0.002220502206800083,0.00354100259633994
2019-02-15,0.021455374016833284,-0.004158102605656965,0.010838173771336484,0.01600758200571151
2019-02-19,0.008954214530398831,0.007265129499498395,0.0017291917602726976,0.0030202836707581347
2019-02-20,0.014689194812078006,-0.005184188139527932,0.002013648944206746,0.004213083110039682
2019-02-21,0.0007025099778222755,0.006217830014499203,-0.0035624049767861306,-0.015586332823286612
2019-02-22,0.0052530193263338135,0.009254690214491348,0.006180684058553094,0.0028934564339184545
2019-02-25,-0.03157968316122804,0.004085791627473589,0.0013602332023219636,0.0016713613151115559
2019-02-26,0.00036043355672539453,0.002036440382417812,-0.0007154801562139588,-0.003193063302361997
2019-02-27,0.025615036979289976,-0.007146347101188874,-0.0004295460942569451,0.0038001608363553083
2019-02-28,0.004905451223789678,-0.006166813826995702,-0.0018646176588622307,-0.010064265911935676
2019-03-01,-0.025129653240953367,-0.0010314021012730336,0.0062245881507416705,0.018223620080158896
2019-03-04,0.014058438136292851,0.0020619564322921008,-0.0036442437736687225,0.0018044731002312278
2019-03-05,-0.0005302479822395995,0.007183228554058098,-0.0013606960558953855,-0.0033103625491521845
2019-03-06,-0.006029458677213597,-0.0133815724549583,-0.006075729427310781,-0.012740769315592508
2019-03-07,0.007795904517971459,-0.014614203319758505,-0.008400373276359542,-0.005971106861908853
2019-03-08,-0.010467587016509156,-0.0010519094408974318,-0.0020019725031321677,-0.018912533611057387
2019-03-11,0.01275936531780135,0.022893950043617717,0.014397297543392694,0.015528497617657788
2019-03-12,0.0014076725263905405,0.008196416230605111,0.0037633290562769962,0.006450708940512833
2019-03-13,0.024147780184344395,0.0081304144713617,0.006597350376970906,0.010053293014721939
2019-03-14,0.0059896181807630134,-0.005073717486862936,-0.0006396398013943027,0.0010603493740934792
2019-03-15,-0.001536756927847183,0.0,0.004928510361676172,-0.0003968139428059423
2019-03-18,0.00969312396561028,0.010121507018032652,0.003619136724500551,0.013795331437965817
2019-03-19,-0.0010159393666503095,-0.0050477895311696695,0.0002480924725813148,-0.0027138487679334985
2019-03-20,0.013461469433001087,0.007059960227530137,-0.00301489787841233,0.008718237394112973
2019-03-21,0.0025039276826943103,-0.012133677714392931,0.011231804702119659,0.007008990523309026
2019-03-22,-0.01579596988980815,-0.019517590993195787,-0.01943404628477103,-0.027419770310212203
2019-03-25,-0.0037332678615669994,-0.002077161245686422,-0.0007522576783012706,0.0004582503240549007
2019-03-26,0.018862111039872825,0.007250189209424437,0.007426329221973107,0.014249112296605153
2019-03-27,-0.008881479178159507,-0.009331130569395028,-0.005242708742662592,-0.007098979452978574
2019-03-28,-0.0018532666613410818,0.012422580383748758,0.0037832115382857466,0.0037823574900514153
2019-03-29,0.014065874273615876,0.004106766113914966,0.0062856993997618925,-0.0015113211523664423
2019-04-01,0.023824354764892586,0.009178860690210119,0.011789272290197737,0.013072117351421228
2019-04-02,0.01594624532372839,0.004052781175238321,0.0004896954886816963,-0.0068904139590213005
2019-04-03,-0.0019194303030447386,0.0010105550228109185,0.0015726349238494388,-0.009666308301928725
2019-04-04,-0.005780372829000089,0.008048303611791598,0.0026498878422692995,0.00831254802482249
2019-04-05,0.015657826754223118,0.01195239335813561,0.004828628267062266,0.01745668115702406
2019-04-08,0.020709865681742396,-0.000990637503066712,0.0007619936983138979,0.004427732670501304
2019-04-09,-0.0065431294375007925,-0.006961660992818411,-0.005138504373699674,-0.01229758661266379
2019-04-10,0.009798679650199642,0.011905166854929579,0.003405828035501088,0.0037201176178298274
2019-04-11,-0.01607022273489772,-0.009911259645988928,-0.0002777789841844153,0.0007422884361957328
2019-04-12,0.004863860779208567,-0.0019939072089407623,0.006743184943212488,0.002667608343956934
2019-04-15,-0.00769895955041857,0.006961660992818534,-0.0006551603662123763,-0.005938116879018905
2019-04-16,0.010200190478563506,-0.0009915163214604043,0.0006551603662123475,0.006530278701300725
2019-04-17,-0.0045380678320363745,0.004948191733141911,-0.002450109429945853,-0.0013323178221872557
2019-04-18,0.003757075202474104,-0.002966037908614846,0.001967254159747961,-0.004751394360267418
2019-04-22,0.02621579568100129,0.0,0.000861895160651436,0.020914004490087984
2019-04-23,0.009091064180672303,0.008871441738314688,0.008951577033513469,-0.0016046777961195473
2019-04-24,-0.006203267558806443,-0.004918573379270177,-0.002222098159792821,-0.017673620174424566
2019-04-25,-0.01037385829710521,-0.003952868359044554,-0.000616275889517583,-0.0031253481127297604
2019-04-26,-0.029727500268059214,0.0019782326618093403,0.00464605810139636,-0.013052271622412142
2019-04-29,0.003154588801271559,0.0,0.0015664732210605352,-0.0009062668053334927
2019-04-30,0.0064359353760011,0.003944763677237982,0.000510428774116404,-0.0007562176790645435
2019-05-01,-0.004862394920377627,-0.00394476367723801,-0.00754498237657807,-0.02016874981418998
2019-05-02,-0.02854826046514547,-0.004953094128796142,-0.0021608694163410464,-0.01759479066800123
2019-05-03,0.002100966484621207,0.014786080824511607,0.009739863455935232,0.009224964557305395
2019-05-06,0.004992382971071717,-0.015779256298332947,-0.004123601806752864,0.0009337624195381905
2019-05-07,-0.013748675340272491,0.005946269602617276,-0.01684069361687035,-0.00874605402420479
2019-05-08,0.011658121081556191,-0.003960386486336411,-0.0013902311043931307,0.0
2019-05-09,-0.006784037809451362,-0.00796824418176715,-0.003030560496782232,0.0
2019-05-10,-0.0006485232933106442,0.007968244181767163,0.005011172330598509,0.004694873752347929
2019-05-13,-0.010106018008327439,-0.028171089916969014,-0.025451670087362866,-0.017323074006926113
2019-05-14,0.012050265756552167,0.011162186897063858,0.009002955886524985,0.012157612663966467
2019-05-15,0.003877253321643771,0.002016017105467419,0.005840461398363794,0.00516546134295944
2019-05-16,0.013612164352495307,0.008024190537998742,0.009218725361399987,0.005449665719475577
2019-05-17,-0.0017511842850836798,-0.013071980069168349,-0.006486001553438593,-0.010144539471823697
2019-05-20,0.005402844244632368,-0.0030412038978417846,-0.00663423226969048,0.0004705294686090633
2019-05-21,-0.0017447350848541015,0.0131116398098407,0.008975640985421612,0.011535673946109003
2019-05-22,-0.025240525079747975,0.005994002071191163,-0.0030767307306808593,-0.015620587816504763
2019-05-23,-0.058845406597864997,-0.019105641881031737,-0.012293554944796205,-0.03410787674362534
2019-05-24,0.012356450591235276,0.005063336198049019,0.0022656325803356017,0.003739555686225813
2019-05-28,0.008660974909859199,0.014042305682982677,-0.009343756488806901,-0.010440486860644032
2019-05-29,-0.005595572280696202,-0.008000013449832335,-0.006733860251839933,-0.006416187477157611
2019-05-30,-0.03847963797237444,0.008000013449832363,0.002727938369421719,-0.012789868234867566
2019-05-31,-0.05615063994884718,-0.004992555622221892,-0.013567002836844899,-0.017708469858244792
2019-06-03,-0.004683849312426314,0.015889261630104953,-0.0025461447713595324,0.012680862355705634
2019-06-04,0.0043099390846778034,0.011753477813200745,0.021474483734818684,0.017157038469570184
2019-06-05,-0.03423687829476168,-0.0019495143246798185,0.008624396306462449,-0.011126640028207093
2019-06-06,0.017455125123264293,-0.001953220356154581,0.006481936085905749,0.01836705847118017
2019-06-07,0.026272884815955747,0.017442440524520274,0.00995732624842911,0.00458063232776323
2019-06-10,-0.013613326447470066,0.0,0.004578423961410939,0.0029334935412583065
2019-06-11,0.00018778065098034392,0.003835081396007705,-0.00024215885142575647,0.001950948835155664
2019-06-12,-0.04080637159405574,-0.005758252105134898,-0.001766808796719179,-0.014231249289520497
2019-06-13,0.02204690747856272,0.010531463338637257,0.00411786403450672,0.011629024418434771
2019-06-14,0.00438973027837189,-0.0076481926083826635,-0.001105924019690429,-0.0065349163067066045
2019-06-17,-0.011106931952156299,-0.005040498818513913,0.00038033583633640436,0.008324609625503096
2019-06-18,0.03723384249148919,0.01734120683995053,0.01041675541382951,0.013722123159111147
2019-06-19,-0.002600841230979677,0.00286118847559094,0.002254354937712657,-0.0011229773102531847
2019-06-20,0.05236234941579883,0.014184614154019937,0.009509154182264628,0.021909054758112494
2019-06-21,0.013674805780867093,-0.0037628168979973457,-0.0014546022250309057,0.007200202894782557
2019-06-24,0.008150590742564535,0.0,-0.0012254083848379108,-0.009008403810775969
2019-06-25,-0.0012097070998043228,-0.010421797256022537,-0.009856547616878913,-0.007969370475440902
2019-06-26,0.02644978349056884,0.0019029867115137103,-0.0009977094235611825,0.01524572640238404
2019-06-27,0.0008416671902070649,0.008518810544508957,0.0035395404035992004,-0.007434906292117384
2019-06-28,-0.016285331448609858,0.002823390559958465,0.005132753206093786,0.011524160546034725
2019-07-01,0.010547884874874095,0.007490815552654981,0.00903790784454043,0.0009413289471762183
2019-07-02,-0.04925566685535001,0.0027946523129412705,0.0026002518141422567,-0.01612428207036795
2019-07-03,0.019192422031801496,0.009259405769365953,0.007963665227803719,0.003976113802373548
2019-07-05,0.00296035342368015,0.0,-0.0011386831349175842,0.0014274774731855436
2019-07-08,0.0026048730239061554,-0.000922101497830873,-0.005509716803231398,0.001425605971711211
2019-07-09,0.0029440142689219125,0.0,0.0012456617404944647,0.000791053506484472
2019-07-10,0.043977971590698606,0.0009221014978309683,0.004766568485024926,0.012729080375604891
2019-07-11,-0.0038133104353498433,-0.0018450540516544115,0.0023416546472039015,0.0020278802162667186
2019-07-12,0.00016607128259863723,-0.004627679867714491,0.004466994025336218,0.004198847811616219
2019-07-15,-0.010518458252943931,-0.0027866718499971257,0.00033241051427699165,-0.00904152379529176
2019-07-16,-0.03345026689869134,-0.0009306832537921457,-0.003230388545249401,-0.010705338114680498
2019-07-17,-0.014685581573148858,0.0037173551037892718,-0.006828024538210387,-0.01146141928489083
2019-07-18,-0.026411234814087123,0.006472733919368794,0.0036539996101913777,0.00016011798062099783
2019-07-19,0.005949748555631908,-0.0036935186213217295,-0.005570529014550565,0.00463156429921377
2019-07-22,0.010549943903807289,0.002771417123490831,0.002453551938400134,0.0046101299575659884
2019-07-23,0.009735438054758645,-0.007407486383742634,0.007124735651541323,0.0026926304522968394
2019-07-24,-0.015801471742906505,0.001856853962204673,0.004688429601366001,0.004261564956033475
2019-07-25,0.002502224500188504,-0.005581324162938308,-0.004788503704473657,-0.01140530142900718
2019-07-26,0.0032079924716849895,0.0018639690591490995,0.006677464977841887,-0.005110767241776815
2019-07-29,0.011851172061928476,0.0009306832537920219,-0.001822711496964878,-0.004011284499252101
2019-07-30,0.02053675246409296,-0.011225777555388772,-0.0024578590151331024,0.011191329292725472
2019-07-31,0.009088677655820023,0.009363544069540783,-0.011000368586926535,-0.00318495096976468
2019-08-01,-0.08233566681117595,0.0018622334858479181,-0.008746211514414794,-0.02290790010906676
2019-08-02,0.031204047510570605,0.0018587720173562118,-0.007558024914588691,-0.014464181346955539
2019-08-05,-0.017580901108094796,-0.036883730156802436,-0.030534535472554324,-0.03025464503176383
2019-08-06,-0.01957221933701239,0.013397289169382822,0.013925363407223307,-0.0011952887270844348
2019-08-07,-0.048519846581853925,0.025341476434698407,0.000590474803964581,-0.007546098010338561
2019-08-08,0.027986015353377906,0.01836615176461391,0.019430371734267628,0.028343214422951128
2019-08-09,0.03662589998646518,-0.0045600588520207635,-0.006834913034970758,-0.01110567328430731
2019-08-12,0.007858951241052098,-0.008260494607861893,-0.012248180397542746,-0.011914860766397238
2019-08-13,0.03874443702879064,0.010087108694941477,0.01543194462531295,0.009204045545473792
2019-08-14,-0.03329781431426064,-0.02587946355973113,-0.030013167040210214,-0.039981028598758836
2019-08-15,-0.01385616181863913,-0.0056337306091361165,0.0026382501267983374,-0.006199923064026691
2019-08-16,0.007316617798454183,0.014953351554556807,0.014647379116733049,0.01306316027264478
2019-08-19,0.02412792912176381,0.011987273461767837,0.011975647861850496,0.021856650077684062
2019-08-20,0.0023101044302072968,0.0,-0.007692239937274245,-0.008443126010614387
2019-08-21,-0.0117837436495157,0.014558849805539875,0.00810240044778744,0.006382055946340021
2019-08-22,-0.005944389920226798,-0.010899123341976168,-0.0003075758602610313,-0.00448044178394455
2019-08-23,-0.021549415719023725,-0.024030905255352876,-0.026023315156721516,-0.034080287922597444
2019-08-26,-0.009832168832987298,0.019454340616730424,0.010997768779024654,0.004279720797948098
2019-08-27,0.023764605875437318,-0.007366656317062039,-0.0039314759850673005,-0.006247324400079078
2019-08-28,0.01535570740484831,0.000923900898067556,0.007016710458540866,0.014222594830833922
2019-08-29,0.016535185566818395,0.006442755418994642,0.012692124739627393,0.014544936221157306
2019-08-30,-0.028800857415950763,-0.0027562358227932646,-0.00044423697514303287,0.0
2019-09-03,-0.021277396213986333,0.006419029063314877,-0.00586422746780309,-0.004883127745193388
2019-09-04,0.04211148097562434,0.01451949502753715,0.011286261750876714,0.013888974716176632
2019-09-05,0.0007107483667177496,0.0,0.012773799704924246,0.012337437734646888
2019-09-06,0.0039000443211493754,-0.009049820252420732,0.0007714252565031097,0.005265548520909314
2019-09-09,0.023258861347741525,-0.0027309561138897246,0.0005036555733960983,0.019792703295588077
2019-09-10,-0.007809097354436675,-0.006401511901748291,-0.00023487989012365307,0.0117231909089435
2019-09-11,-0.029166919568548437,0.013667428065622421,0.007086113808050751,0.0009843337211048737
2019-09-12,-0.0119091960858101,-0.004534960049984469,0.0034576980506303527,-0.006251136172182183
2019-09-13,-0.004366055352302385,0.0018165654422087336,-0.0006641858732172539,0.007889542290867661
2019-09-16,0.13694402906308503,0.005429793454598917,-0.0030936564617105727,0.03301147697318723
2019-09-17,-0.05826257053110785,0.01077202387518044,0.0025288072774489485,-0.014037161017935729
2019-09-18,-0.020945840843696155,0.0,0.0005983481102332613,-0.004830867279410013
2019-09-19,0.00034412349745777213,0.0168221366021847,-6.666396812196231e-05,-0.0025862760776820502
2019-09-20,-0.0006883654566636566,-0.0008784564656728728,-0.004736122096976676,0.0008160148298429984
2019-09-23,0.009423512538754246,-0.003521015156750185,-0.00023474742205437834,0.0003265864679619744
2019-09-24,-0.023290942768880194,-0.009747715618347983,-0.007877729260171974,-0.015950552710058817
2019-09-25,-0.014062443351258782,-0.005357073272760849,0.0058975776411094,0.0016561040194654623
2019-09-26,-0.0014172160029007803,-0.008993038895680325,-0.0020854893539171446,-0.013158958434629508
2019-09-27,-0.0089031927375213,-0.021918443399593184,-0.005401792889779436,-0.00016773925114229509
2019-09-30,-0.03346375455955752,0.006442755418994642,0.004627027192836029,-0.007237376517694933
2019-10-01,-0.008357384862103622,-0.0036765447207077182,-0.011965912756002877,-0.023413775643643615
2019-10-02,-0.018445837465485726,-0.016713511511422027,-0.017822715660864925,-0.024861312570932752
2019-10-03,-0.003615926033897722,0.011173321069682227,0.00815936430817793,0.010755669088665033
2019-10-04,0.006840243334876458,0.022884163228070027,0.013441006105228772,0.006293909979791402
2019-10-07,-0.0011368203670400682,-0.005444575973079975,-0.004323559821771106,-0.008928049122197024
2019-10-08,-0.0022774526956901692,-0.008222852092542464,-0.015646632001632584,-0.01720352854824913
2019-10-09,-0.000760329157770791,0.007312502336033941,0.009451428980420468,0.00908199860198962
2019-10-10,0.01808979214380738,0.0009103497565085093,0.006741108090441467,0.012507914903658122
2019-10-11,0.021247940729117943,0.004539265263346226,0.010313487592505666,0.013390266587693335
2019-10-14,-0.020501237021561078,-0.0036296493402506905,-0.001114594601120061,-0.000518167560236097
2019-10-15,-0.014661893630863183,-0.01096905075430814,0.009851541453193795,0.004139249602267197
2019-10-16,0.010360820322524973,-0.0046061726803245115,-0.0016072158042875057,-0.014039452109921212
2019-10-17,0.010625501962133566,0.006442755418994642,0.002944740987166791,0.0006978202409686326
2019-10-18,-0.00278528686524312,0.004576564638622445,-0.004386618310190535,-0.005246725241894557
2019-10-21,-0.00877767154748516,0.011802262273823335,0.006756152815138275,0.017727483917913
2019-10-22,0.015818669191519606,-0.01454589554531308,-0.00327213696539428,0.012836966836570611
2019-10-23,0.0328732289265564,-0.0027508962075826764,0.0029054860794278698,0.008298804969975314
2019-10-24,0.004634559449972859,0.0009179648404500721,0.001632604450895903,-0.00422533187264706
2019-10-25,0.007618077546131343,-0.006442755418994574,0.0040868100578717904,0.00809724444420085
2019-10-28,-0.015115402302443957,0.004606172680324516,0.005620465206250166,-0.005728900884623798
2019-10-29,-0.004849591044121093,-0.0027611186286701814,-0.0002969737994594033,0.004047197682971648
2019-10-30,-0.008679973706581781,-0.017666999804992447,0.0030628340854069666,-0.02057372135643027
2019-10-31,-0.016111682366602334,0.0,-0.0026666679530914835,-0.004303719252701816
2019-11-01,0.036604928185503524,0.0037455885829208967,0.009220843618739987,0.02251884657583874
2019-11-04,0.006031597982923683,-0.005623462412890563,0.0040100472796219385,0.03203852294775918
2019-11-05,0.012129859964340392,-0.0009403096897925347,-0.0011069488938550234,0.001306197571566914
2019-11-06,-0.015496015015156009,-0.00566011005423368,0.00022789566139421515,-0.02060582026036474
2019-11-07,0.014097203533174212,-0.0018940741597343312,0.003510717254767205,0.014878608957207022
2019-11-08,0.0015735670712062738,0.0037844697890285386,0.0024631451931659445,-0.00411060785426207
2019-11-11,-0.006660867054428262,0.010333486527622728,-0.0019116372120139926,-0.005618061580166937
2019-11-12,-0.0010558046620677683,-0.008446852972849025,0.0021058492918899145,-0.005149939522777991
2019-11-13,0.005617987036759496,-0.0009427741518044018,0.00032345864307775044,-0.004340099843667975
2019-11-14,-0.006146274085719035,0.008454399097334697,0.0014546489464027136,-0.0026797090909301464
2019-11-15,0.016595729808259362,0.005597233480024361,0.00721043833850739,0.007685847884624885
2019-11-18,-0.011675692119459942,-0.00746973521746113,0.000737134541541331,-0.012225032945818897
2019-11-19,-0.032783983221595855,0.0018725017374367388,-0.0002883512550171599,-0.014938136338751306
2019-11-20,0.03383516365075204,-0.009398258500304079,-0.0037255680613681283,0.010039911810149118
2019-11-21,0.02541412929285303,0.0018866335547737005,-0.001610176141578042,0.016290511727377274
2019-11-22,-0.013923754939848373,-0.0009427741518044018,0.002221557642157842,-0.0033369952517041095
2019-11-25,0.004145762826804945,0.018692004551617538,0.007719887823685402,0.0010021403056246908
2019-11-26,0.006871724895980583,0.0036969322972765705,0.0022634339256952128,-0.009225732801697667
2019-11-27,-0.005149328849462195,0.012832305201205103,0.004447484898221954,0.002524546183960858
2019-11-29,-0.051918482495376124,0.0027284727612839005,-0.00371604242159439,-0.010137085470185651
2019-12-02,0.014217839341871078,0.0,-0.008530561863264856,0.0
2019-12-03,0.002498651892490984,0.007240082437487435,-0.0067292374269864825,-0.01505570374047243
2019-12-04,0.04069367645989251,0.006291903299396554,0.0061514260441396145,0.014886001641032577
2019-12-05,0.0,-0.003590457829118022,0.00179614683590908,-0.004766703529375423
2019-12-06,0.013092092988175418,0.008952411391867648,0.009092846046360493,0.018932239807021935
2019-12-09,-0.003045177506580201,-0.0044661875206723645,-0.0031489282626528965,-0.001172934368713083
2019-12-10,0.0037206404620627933,-0.007187669341473759,-0.0011158929474094264,0.002009915336796463
2019-12-11,-0.00813569499204254,0.014324136615704891,0.0028345547917608305,-0.0016746630601761306
2019-12-12,0.007122329387911304,0.007085990183765012,0.008582205323409937,0.0182668123730193
2019-12-13,0.014926891652932052,0.004403346589863031,0.000599123992960667,-0.007598249300316863
2019-12-16,0.0023278924890526263,0.02032645472473502,0.006846390217553494,0.013341017742912402
2019-12-17,0.012051314751642811,0.004327184453367567,0.00021889717387464517,0.0006543575179848237
2019-12-18,-0.000164081753397313,-0.0017282717154564482,6.251829015448694e-05,0.0037535819614418265
2019-12-19,0.004748284187847286,0.0017282717154564365,0.00409078708791235,-0.0003256912233687181
2019-12-20,-0.01282283877389983,0.0043087173902280305,0.004374663605103742,0.009546543036404604
2019-12-23,0.0013227818010167394,0.006855019541381719,0.001526658451772156,0.010215090409207246
2019-12-24,0.009701632410580266,0.002558576584114449,3.1206092136598724e-05,-0.00048419458510828205
2019-12-26,0.009284205308224065,0.005944966718896651,0.005308874962509541,-0.00032268150981979154
2019-12-27,0.0006483130702395704,-0.0033926576772498346,-0.0002481475581028087,-0.00420666041540809
2019-12-30,-0.0006483130702396348,-0.005110885625761457,-0.005527987573950194,-0.003160741993857832
2019-12-31,-0.010102724405223808,0.0034101869520786142,0.0024262133146528936,0.005679002300604607
2020-01-02,0.001963333913342911,0.01520298290369191,0.009308387210419945,0.008953728321494164
2020-01-03,0.030107706599462162,-0.005042167692595414,-0.007600931669790395,-0.002975623043921416
2020-01-06,0.003483240083493363,-0.0025303458615763314,0.0038079962911425156,0.007751176244374593
2020-01-07,-0.009049830586907184,-0.0025371129985874777,-0.0028160426177050073,-0.0026318639857479485
2020-01-08,-0.05053810433605316,0.008431756008780853,0.005315573863338566,-0.01660881057344782
2020-01-09,-0.0008391245978369541,0.0016778705439784239,0.006757791624376169,0.007341821792460264
2020-01-10,-0.008769035073961774,0.0016750600094709767,-0.002881871384982075,-0.005668505129742357
2020-01-13,-0.016393793756152603,0.014950432094423595,0.006853704962601183,0.0003344918977293208
2020-01-14,0.0025792759447617526,0.008210229307516555,-0.001525816715531425,0.00016699865868981863
2020-01-15,-0.007238883138090941,0.0016338367195766206,0.002257208079295302,-0.0073799959562325665
2020-01-16,0.012206789124634515,0.008130379582180493,0.00828416857137813,0.0016817941399683307
2020-01-17,0.00034171292881695064,0.011272131683705298,0.0031076786359646833,-0.006407034933550347
2020-01-21,-0.003422329848017347,-0.004815635310480829,-0.0019600650431254507,-0.01809209692599704
2020-01-22,-0.02780850809264395,-0.0032229129251480407,0.00012092058271526051,-0.009692097126811218
2020-01-23,-0.02047612725216664,0.0024183235365563016,0.0011459587728554384,-0.0038334963044287266
2020-01-24,-0.025506967474384107,0.0008045893885917126,-0.008933042266975359,-0.011589286130292382
2020-01-27,-0.019566435389934456,-0.02360695527319226,-0.016159268672308907,-0.028120343425810445
2020-01-28,0.006377814828272337,0.019576522398531686,0.010424827392965004,0.004531060616992449
2020-01-29,-0.002808684727280703,0.004834871327796559,-0.0008260627797373631,-0.010543717532288032
2020-01-30,-0.02256666214758982,-0.010505175314157223,0.003239796861666021,0.008008660933129057
2020-01-31,-0.011186192093541391,-0.015554871344828757,-0.0183246304911941,-0.031678148998186766
2020-02-03,-0.02852560355393241,0.013114744224949418,0.007400979969417776,-0.01318537195068252
2020-02-04,-0.010028162535915923,0.03363010133602801,0.015126252706313634,0.0035960570357203557
2020-02-05,0.022719179305944578,0.012519618448450051,0.011481965682114237,0.03690710520100775
2020-02-06,0.003933156721114826,0.003105626026440945,0.003358861873056854,-0.010248904162950559
2020-02-07,-0.012442168315527937,-0.01091190977220434,-0.0053434370046480965,-0.007014797742984249
2020-02-10,-0.015016800451462193,0.003129926247596802,0.007437558240084188,-0.005014591679669116
2020-02-11,0.007436451476786668,0.025454548957007616,0.001731310702466257,0.011108969991996117
2020-02-12,0.024331129680438008,0.021846441828391513,0.006421880131423306,0.013351879538807898
2020-02-13,0.004873779194720807,-0.005229802136059651,-0.001067206503619272,-0.003093317253957255
2020-02-14,0.012177614175192553,-0.0007492752509295248,0.0016006295757143099,-0.005298961972312215
2020-02-18,0.0,0.003741081858033582,-0.002580159225788767,-0.008279052925511088
2020-02-19,0.023543933085628042,0.05449940839242298,0.004769972158653335,0.01321328085016636
2020-02-20,0.009152914653843927,0.007047320578814289,-0.004117142304021503,-0.0010942833467272493
2020-02-21,-0.007465464156601151,-0.00917123790901778,-0.010351653587885926,-0.011934505943313916
2020-02-24,-0.0372144982653966,-0.03607888944976305,-0.03372754716113127,-0.047276503798287406
2020-02-25,-0.030200632384425365,-0.027562253202116856,-0.030770829115401164,-0.04515636702235299
2020-02-26,-0.02372618587467126,-0.013688415838501191,-0.0036849618940769046,-0.030651436891178246
2020-02-27,-0.03423417996572771,-0.03903697659810379,-0.04595146939940867,-0.05496096738098014
2020-02-28,-0.05074582155134353,0.0,-0.0042104753861438,-0.0008832825605059316
2020-03-02,0.043499409790230405,0.010296986636907486,0.04239499818444036,0.03962820348083693
2020-03-03,0.009155824713162283,0.007849498507918027,-0.029050294008516837,-0.031050186316963435
2020-03-04,-0.008514345386377319,0.037595610299944286,0.041173574478300855,0.023377714540379076
2020-03-05,-0.018990584751432945,-0.01059824317915945,-0.03380667176100722,-0.037271546544198404
2020-03-06,-0.1060870587080379,-0.030914293508528617,-0.016669389714297937,-0.057824638642233375
2020-03-09,-0.2822061341074851,-0.11994399784592609,-0.08131243222472112,-0.22490992901328333
2020-03-10,0.09872115738496252,0.022748376964025895,0.05045049312316421,0.04634595695665299
2020-03-11,-0.040991811628073416,-0.06338589564581935,-0.04997637622376858,-0.05433306593364164
2020-03-12,-0.045913757419826826,-0.1370927208639599,-0.10056921154348421,-0.13323430864915894
2020-03-13,0.007275045336675495,0.05150449516516853,0.08202806653899562,0.0882828209512523
2020-03-16,-0.10036544181943158,-0.1261007015736171,-0.11588649774042173,-0.14626015384017993
2020-03-17,-0.06291382368438383,0.07565274167535947,0.05258496660646296,0.006808753402504927
2020-03-18,-0.27992005422625427,-0.10806267542869846,-0.05195978635575937,-0.1549841193747728
2020-03-19,0.21357403187235055,0.023256452698604244,0.002122818656477449,0.06576291055914608
2020-03-20,-0.11723794117272994,-0.0011499805770655287,-0.044050465491424204,0.009714218945228921
2020-03-23,0.040625821950275774,-0.0423095781222131,-0.025900627814475486,-0.07059233986124348
2020-03-24,0.02744523567784364,0.10799798381399917,0.08673092499105813,0.14874175732982384
2020-03-25,0.019794441852212866,0.04837977219945164,0.014859178870700374,0.046087757925820455
2020-03-26,-0.08031493846071446,0.03629407918017645,0.05674880533439086,0.05930918689932809
2020-03-27,-0.04943196923707529,-0.062296434489180874,-0.03023828992086496,-0.07019221876369787
2020-03-30,-0.06829576749829713,0.008394466724927906,0.031959462757936645,0.010184406773903337
2020-03-31,0.019226591397505894,-0.002091965809223896,-0.015017295286254903,0.015256964592022783
2020-04-01,-0.0083354285225757,-0.03842518813400918,-0.046049210047678764,-0.05082224541896487
2020-04-02,0.22048123592622998,0.0086674240202893,0.022813147652061532,0.08764439552425203
2020-04-03,0.11267965442350314,-0.007579864780000954,-0.014559550423315835,-0.01067031617409329
2020-04-06,-0.08310550551365159,0.0652174710142841,0.0650066577766999,0.05161169878440248
2020-04-07,-0.09865167844984535,0.01916388109081928,0.0010189408863616573,0.02110656785150952
2020-04-08,0.059952310776727226,0.02855929452889757,0.033017523440207884,0.0645775401633037
2020-04-09,-0.09746474714550284,0.020183105772761268,0.01510256341312549,-0.009100385739992719
2020-04-13,-0.015497338310533872,-0.00764089833636803,-0.00917210770873047,-0.0032490997288628937
2020-04-14,-0.10829004686870611,0.016167804272871417,0.029066451536992714,-0.004744998756874092
2020-04-15,-0.012006135335279871,-0.03260150852750559,-0.021477102914695113,-0.048106592798299055
2020-04-16,0.0,-0.0019513416784005028,0.004812552341477953,-0.04367228133482099
2020-04-17,-0.08395070335453195,0.026976781261360612,0.02665694330547965,0.10095203762729135
2020-04-21,-0.6016757792529506,-0.048694929836546996,-0.04860877489601418,-0.0495121986373947
2020-04-22,0.3196336300150674,0.024643985335404142,0.02195183159053459,0.03497395872376356
2020-04-23,0.18014213469902035,0.0038871154189657137,-7.177069396859042e-05,0.03176721704942682
2020-04-24,0.02631733984379654,-0.01170747555465735,0.01384224019225032,0.002313457852162871
2020-04-27,-0.281796292695216,0.021360162657590706,0.014316206542336722,0.021432456296095418
2020-04-28,-0.03503539721256668,0.019972148532343727,-0.004609310243477013,0.022642681644818516
2020-04-29,0.19919621939219292,0.04059574935828687,0.02584168639688164,0.07145902812988936
2020-04-30,0.22394002701262022,-0.02749926424493909,-0.009354253258514056,-0.022379612552088576
2020-05-01,0.048689083661334426,-0.03499192942235149,-0.026830675342240776,-0.05824244314089762
2020-05-04,0.030373193743799345,0.005758235231856675,0.0027548904772967415,0.03400383617024159
2020-05-05,0.18607452688142884,0.009523885708015739,0.009196872961847444,0.0008085501128208195
2020-05-06,-0.02348201422303975,0.010372283629023612,-0.006801828150977757,-0.026478858103530064
2020-05-07,-0.018511279245038238,0.01119436452168727,0.011994548288589207,0.025670307990709386
2020-05-08,0.04929556964700635,0.03195166159283883,0.01641077982133209,0.044557257076327
2020-05-11,-0.024551167327293844,0.004482350364420347,0.0002052354982655347,-0.017690123421173126
2020-05-12,0.065728833760296,-0.008082567515456204,-0.02013280652059522,-0.017741967018101924
2020-05-13,-0.0191899272628217,-0.028351444441802973,-0.017844322327957764,-0.0464821724368172
2020-05-14,0.08595632988442657,0.007393923095544493,0.011896244588796314,0.011133182651176342
2020-05-15,0.06564914584746884,-0.006466604027304454,0.004586418796832144,-0.0038823402703506344
2020-05-18,0.07808044070402118,0.05499360605491977,0.030005163764009402,0.07852390771954816
2020-05-19,0.02114507601674194,-0.004395477179127899,-0.010324409346544933,-0.02839832752909263
2020-05-20,0.030006847588867402,0.016601422874260675,0.016845400078500807,0.03912903628130547
2020-05-21,0.012757820017576561,-0.006084394644908816,-0.0069280242223098126,-0.016139461751116926
2020-05-22,-0.01994998984027262,-0.012280806415062646,0.0018973640304066944,-0.0062176460326376255
2020-05-26,0.03254720714498309,0.03639919505323584,0.012245387607128394,0.027426876559244265
2020-05-27,-0.04586858541796931,0.008474542809021369,0.014769175057104962,0.012812867831497574
2020-05-28,0.027061113258167634,-0.012738898964878318,-0.001846528431528478,-0.02835639344094798
2020-05-29,0.051456511865436545,0.018628755693713493,0.004445949922363546,-0.004633406137301879
2020-06-01,-0.0014099269653480996,0.018288062179035596,0.004033340085933985,0.017391813282204748
2020-06-02,0.037928497711348784,0.008203662639489476,0.008246379414735874,0.02750875531340359
2020-06-03,0.012955634043798544,0.011372859759042253,0.01322063927720438,0.02893109137342142
2020-06-04,0.0032128255389749396,-0.0008081725650168973,-0.0026302245288385363,0.0002394826495092496
2020-06-05,0.05562763064190295,0.017628849016360748,0.025306496614901988,0.07164083253829537
2020-06-08,-0.03499200964517405,0.028964667624902667,0.012014928490278333,0.04406391975971294
2020-06-09,0.019448299399222043,-0.017906229557183236,-0.00748477188534974,-0.03828217355922497
2020-06-10,0.01680711505093236,-0.0055139735877222035,-0.005595383512919471,-0.05047675003126069
2020-06-11,-0.08591001256121708,-0.06950076869583267,-0.05937747117244807,-0.09895476064674379
2020-06-12,-0.0022039081299802367,0.02260462946648007,0.01190426123598752,0.02491854837660007
2020-06-15,0.023440720106402163,0.019187638075601327,0.009292538141985112,0.003008913457144564
2020-06-16,0.03338063926620576,0.014575354671783948,0.019064846961383282,0.02838660707429878
2020-06-17,-0.011003568786034795,-0.020301317576000524,-0.004162307902241831,-0.03466560771895183
2020-06-18,0.022917697728237152,0.007355995911672932,0.00038459167560642713,0.012269862156182717
2020-06-19,0.023159193748589307,0.0008140212074166366,-0.005731275237764579,-0.01529799973099954
2020-06-22,0.01770396801129618,0.008910440483366026,0.006394855165823817,0.0046224036632505055
2020-06-23,-0.002226900704931012,0.012024248222192316,0.004593158709493424,0.001018406064191431
2020-06-24,-0.06023766956410786,-0.01606442781071919,-0.02583976668459032,-0.057083642130796905
2020-06-25,0.01850705509220127,-0.0008101477034651378,0.0106636429058198,0.0189516492705646
2020-06-26,-0.005957783031278778,-0.0271065570686684,-0.024038335844752446,-0.035251834768250605
2020-06-29,0.030952696007242243,0.031956884360660555,0.014590844963726719,0.013331532082380314
2020-06-30,-0.01089032666401585,0.009631051839289084,0.012728124945731304,0.02271312384166948
2020-07-01,0.013908410725421134,0.01269849435224233,0.006980627755581865,-0.024606643796865207
2020-07-02,0.020629582558647216,0.014095722089874665,0.005491775577526976,0.011040793798645615
2020-07-06,-0.0004921372423485878,0.03814354486817035,0.01531889462991484,0.002941788614563778
2020-07-07,-0.0002462064315321451,-0.0037494757163043365,-0.010367325916829335,-0.032291539381572504
2020-07-08,0.006869570499373449,0.032523244619619925,0.007619724355886584,-0.0008276660944748054
2020-07-09,-0.03179608604489484,-0.012440787121255806,-0.0057092907883126605,-0.05066862154152556
2020-07-10,0.023201747435225455,-0.0014737254352395338,0.010158965429689039,0.03143994348979337
2020-07-13,-0.011159465485958973,-0.011869642934821623,-0.008696938417127782,-0.005360856370543007
2020-07-14,0.004727025666014587,0.02796342823872177,0.012875667480250375,0.034476730083355715
2020-07-15,0.022334952946734196,0.022247175208602452,0.009145306548213526,0.02136101026124015
2020-07-16,-0.01098243518655676,-0.007837565511097306,-0.0032986806322821333,-0.004558283147673617
2020-07-17,-0.003934105076817023,0.016318176034351078,0.0028949704059185828,-0.014073342914038094
2020-07-20,0.005405448458504835,0.018131551188891287,0.008049192895270185,-0.01676534864944272
2020-07-21,0.02778957864048651,0.004825981284736523,0.002125324001073195,0.058665970283208205
2020-07-22,-0.0014308983637969963,0.00821914905080261,0.005675767378034079,-0.012360143207586072
2020-07-23,-0.020007942807407225,0.0027247957111262923,-0.012003586842087128,-0.0018543390621370182
2020-07-24,0.005342441533257796,-0.01853816312889902,-0.006461182611314427,-0.005582725981458213
2020-07-27,0.007479768516335761,0.019897816612161286,0.007265953985627384,0.0010657489238036731
2020-07-28,-0.013552907416750533,-0.025457101455258466,-0.006362360930360573,-0.017191087135012308
2020-07-29,0.005588631685728557,0.005559284843097022,0.012223492870751624,0.02064718391137546
2020-07-30,-0.03325844928125482,0.004839468131240121,-0.0035740107752742748,-0.04007032175909953
2020-07-31,0.008729380655566133,-0.006920544329269985,0.007870804791070404,-0.004707415957575202
2020-08-03,0.018209112245010078,0.02401484367193145,0.006928075560502956,0.003601965948147189
2020-08-04,0.01668524862493082,0.03005241127175713,0.003855223539180403,0.024044635250450568
2020-08-05,0.011682046485426563,0.025334156292351005,0.006191624400820308,0.010474189222915006
2020-08-06,-0.00570474248600124,0.003841264418925663,0.006662402330941772,-0.00804711128814724
2020-08-07,-0.017554846023437824,0.014589513953831646,0.0007178078695327376,0.0013456157327181907
2020-08-10,0.017316387652937554,0.0037712474694224485,0.0029844647023351233,0.03046212019069659
2020-08-11,-0.007899455066354505,-0.016445680966065402,-0.008289150087406924,-0.0033976984292292474
2020-08-12,0.025155516624679724,0.01707285249735896,0.013845998014804885,0.009898536247359563
2020-08-13,-0.010128375153480898,0.016786130150385353,-0.0018091206668455827,-0.019631753041686646
2020-08-14,-0.005460033907127467,-0.007425709116366409,2.974989343095081e-05,0.009471247512082354
2020-08-17,0.020731039070855134,0.011732253549250699,0.0031715022305079414,-0.00577694278113834
2020-08-18,0.0,0.0036763782201366473,0.0021580157444221954,-0.012722624730362462
2020-08-19,0.000932205046990039,0.0036629743362692566,-0.004172405603247426,-0.011535768489600364
2020-08-20,-0.008186186877126777,-0.006725903298679055,0.003108693932598077,-0.02182284647641598
2020-08-21,-0.005652433157436007,-0.0006134492577267931,0.0035411523486665103,-0.00636356486778944
2020-08-24,0.006591332298519188,0.012202643304863514,0.010082160522245693,0.027106563609727807
2020-08-25,0.016983066418389196,0.022783018713535674,0.003493320837968629,-0.014146086005969722
2020-08-26,0.0009223177161198882,0.0,0.00997543599143939,-0.02132178320195632
2020-08-27,-0.008099048618543214,-0.0029686197298782655,0.0021846932530076545,0.0019575166415037692
2020-08-28,-0.0016277109299070451,0.022340807119297573,0.006438336506398929,0.017719016124923246
2020-08-31,-0.008413244359208306,-0.0034942595318941455,-0.003629254846888109,-0.02191778814744707
2020-09-01,0.00351406506768507,0.01620392776674594,0.009374458144550702,-0.006754734280154304
2020-09-02,-0.029668725273937598,-0.004026506555907107,0.014360460195578214,-0.004812556538626071
2020-09-03,-0.00337836697498113,-0.0642695430596134,-0.035020430235195764,-0.00740531746127209
2020-09-04,-0.03944308392485077,-0.010503721576400355,-0.008198196019228868,-0.003150045312631225
2020-09-08,-0.07870261890253123,-0.005605629692084441,-0.02770317123931684,-0.03710049118710882
2020-09-09,0.034490812429379666,0.034380094783837745,0.019554792433662472,0.00682200904931939
2020-09-10,-0.019907758061094676,-0.022582403787989667,-0.017516025924938308,-0.03734249203120016
2020-09-11,0.0008040357813497115,-0.000617553155269869,0.0005087961386378292,0.0009200662572617928
2020-09-14,-0.0018770218509551696,0.02741566641158728,0.01308546916404458,0.007634812750712245
2020-09-15,0.027007214569933265,0.01904806264736306,0.005039666003332812,-0.007328336262927289
2020-09-16,0.04794393688801778,0.0058790588799184995,-0.0039766170614283615,0.03936218531082815
2020-09-17,0.019968649769852957,-0.01893546495834858,-0.008834047993763387,0.001472205963554173
2020-09-18,0.0034112944027500885,-0.0011954260245322923,-0.011579653956606085,-0.011242841488342637
2020-09-21,-0.044772441387906724,-0.008408544874745075,-0.011191628985717458,-0.033707677987904465
2020-09-22,0.007350105359467696,0.005413620648887263,0.010132786855431643,-0.010375944704527493
2020-09-23,0.008298848989760854,-0.009039031115706553,-0.023464308810981962,-0.046248894161415505
2020-09-24,0.009471682479421088,-0.004854562552426047,0.002661947723406021,-0.00033123892976349853
2020-09-25,-0.0014896073327479297,0.021661671573965962,0.016037930303372475,-0.0006624203689495041
2020-09-28,0.00865802515988958,0.04424456147175571,0.016472902378030615,0.0232532223984333
2020-09-29,-0.03279797215230347,0.023636687506926764,-0.005461069708708374,-0.02790280315402418
2020-09-30,0.023394357822996505,0.0279699844553241,0.0075534146905448215,-0.0030001553289139516
2020-10-01,-0.03800812076035567,0.03193451913926657,0.006399264596105281,-0.031199763432881833
2020-10-02,-0.04408796278486181,-0.0005240384939028945,-0.009539819460564205,0.009598961017215678
2020-10-05,0.056918520742768076,0.04458880261361128,0.017577724424682844,0.02958184220492645
2020-10-06,0.03630382300418181,0.006992800564868307,-0.01431806120230831,-0.015017940151854318
2020-10-07,-0.0178619835872461,0.04857703117464401,0.017257250813958954,0.014023699569218862
2020-10-08,0.03056678379794882,-0.0009487902180541723,0.00882329606096641,0.03678219980813562
2020-10-09,-0.014427446083128355,0.015540646535504197,0.00889048812883246,-0.016108715637985018
2020-10-12,-0.02924107339524113,-0.020775096351675917,0.015959478772048168,0.002594980734762767
2020-10-13,0.019340058974347804,-0.003345416351332673,-0.006547588948281894,-0.01567125010255036
2020-10-14,0.020680208567116512,0.011896555730404105,-0.006302893731430742,0.004268540806704068
2020-10-15,-0.0019512647911746782,-0.007597567290184558,-0.0012366376950928703,0.012050403667246221
2020-10-16,-0.0019549863559981595,-0.004298988440219568,-0.0006046648783407889,-0.022921918693677705
2020-10-19,-0.0012238218462122124,-0.007688546103471084,-0.01531981354693604,-0.02142700172490312
2020-10-20,0.015311934748149491,0.020057893450558573,0.003997355368236501,0.011774660700288713
2020-10-21,-0.035099942415674726,-0.04447327905122876,-0.001894653662795269,-0.01924750480626944
2020-10-22,0.015123645741958583,-0.0034659395065288557,0.00547031653418023,0.040426327626483044
2020-10-23,-0.01963042130607216,0.002971540158249021,0.003389464756013707,-0.004923507575871775
2020-10-26,-0.03290686158892326,-0.02099028939228863,-0.018652878299203805,-0.03652606880026912
2020-10-27,0.025855742328293227,-0.0076045299248761284,-0.003453391678637322,-0.013054161002121449
2020-10-28,-0.056667975019934126,-0.015385094105703328,-0.03477668208787392,-0.04274010534178137
2020-10-29,-0.03317327732466621,0.020461373485036603,0.010112011335972792,0.030213748502849035
2020-10-30,-0.010561444981961874,-0.00966680623045875,-0.010479232365086534,0.005586586896289497
2020-11-02,0.028101034340012734,0.017735221155851744,0.011145933172272407,0.03355329303338732
2020-11-03,0.022828934478801577,0.011982062128277675,0.01750210552363476,-0.005740186430696945
2020-11-04,0.038801942234723656,-0.012987009582747884,0.02210291828888295,0.0013535344124621124
2020-11-05,-0.00923795635798285,0.06802029649864258,0.01931501128474076,0.0
2020-11-06,-0.043467965563270684,0.0074873533282647595,-0.00022865979165025295,-0.021881054796147485
2020-11-09,0.08140878243594095,0.0018630162909508679,0.012487894403852064,0.13344481860310276
2020-11-10,0.026210923030528733,-0.015002518537498783,-0.0014678379384890177,0.03185269897905662
2020-11-11,0.0021736550303402187,0.031615671390891185,0.007401140097317056,-0.010308060258745122
2020-11-12,-0.007993304816218995,-0.011507564122575262,-0.009748222512292537,-0.032799465244502946
2020-11-13,-0.024370384276141636,0.00461896638563896,0.013749569838421368,0.035755749545444526
2020-11-16,0.029706347049466734,0.005056304483255575,0.012405036655558097,0.06374478715360084
2020-11-17,0.0021747055106989934,0.0018322932536805512,-0.005392812410447715,0.010194353810109741
2020-11-18,0.009369423247754666,-0.01475350584636215,-0.012107825264968373,-0.029487681028129927
2020-11-19,-0.001914744841639954,0.014295676876423585,0.00420138200008652,0.016242502068579787
2020-11-20,0.009774778787540888,0.01138201079792072,-0.006871348392221627,-0.00529177185124576
2020-11-23,0.02135980317969149,0.018834556086284225,0.005976604571132149,0.068266341724129
2020-11-24,0.042065959873293826,0.013677804381830203,0.015985250568013337,0.050105959211585296
2020-11-25,0.017656588612605124,0.01694563186527314,-0.0015428048551191361,-0.023595484443786643
2020-11-27,-0.003945649778886596,0.016239903809244182,0.002781024840385007,-0.011752573934338024
2020-11-30,-0.004181774090930417,-0.0025468410942466727,-0.004437109634794099,-0.05684148847536441
2020-12-01,-0.017577511653443928,-0.009393634462244263,0.010878038819324986,0.004614181147456333
2020-12-02,0.01625327014458243,-0.009049751681123985,0.0021015091004834446,0.03197718778521929
2020-12-03,0.00791910468476718,-0.006950678913073266,-0.00027259827549191317,0.010435778236605488
2020-12-04,0.013493108899260618,0.003046912855729935,0.00858068800264754,0.05306938987673526
2020-12-07,-0.01086731012820308,0.004336450667367108,-0.002057061616426501,-0.023658923728274855
2020-12-08,-0.003502627333677229,0.02647460752171441,0.0029220218478462744,0.01475932320803937
2020-12-09,-0.0017558831836880042,-0.024745296623760432,-0.009009347662067957,0.0022322207044582557
2020-12-10,0.027303935187085942,0.015005707793242801,-0.00032716281878299424,0.030260937181872387
2020-12-11,-0.004499184620250388,0.0055165038809615275,-0.001173295333897135,-0.011605448716079488
2020-12-14,0.008978298393152485,0.014304078721008494,-0.004487199368177681,-0.035647032378290526
2020-12-15,0.013317969794361985,0.04572227128734444,0.01342873566597995,0.019466164266687278
2020-12-16,0.00419113701967302,0.0,0.0015682695169458923,-0.004955379648964491
2020-12-17,0.011229082719173514,0.019755732075109406,0.005576119302138471,-0.004730511600331047
2020-12-18,0.01518596535591903,0.01360032137618041,-0.0040005644081233275,-0.01686202265373542
2020-12-21,-0.028089347654327416,0.017218760326897828,-0.0035818665951185473,-0.019478597236844867
2020-12-22,-0.015196603221750324,0.03577137174654622,-0.0016871433621707115,-0.016927453558674862
2020-12-23,0.0231248160621361,0.01597703838608703,0.0008983614496008165,0.02189820939007583
2020-12-24,0.002283355680046922,-0.0018028552861077763,0.0038829508613447447,-0.005233286124516997
2020-12-28,-0.012728405960871068,0.007908027713599386,0.008554055591526149,-0.0063154709784621465
2020-12-29,0.00794819227914568,-0.009714065233915131,-0.0019096765724696974,-0.00662155804692914
2020-12-30,0.008298834341118354,0.023027529681379832,0.0014258979940911024,0.015557185921586458
2020-12-31,0.0024762482613758085,-0.0017690217788174413,0.005067777431051349,-0.00840791894854528
2021-01-04,-0.018723274881639867,0.015460615924930175,-0.013707276710814554,0.0015820042532151092
2021-01-05,0.04736921199584524,0.02104608136678172,0.0068636100934974156,0.043809885560737755
2021-01-06,0.013922276453716168,0.06956176649540904,0.0059607360354285484,0.030053227591194883
2021-01-07,0.003942460403614052,0.062047310446443585,0.014748137323291655,0.014574060641256254
2021-01-08,0.027361749616170234,-0.007510889502522967,0.005681499757555993,-0.001206610619464958
2021-01-11,0.0001913737468295353,-0.03435913404726861,-0.006763495269725193,0.015571205991906856
2021-01-12,0.018206440557430974,0.012098640099277134,0.00021122776193114803,0.03434516172602999
2021-01-13,-0.005653977370225007,0.004921696924795957,0.002689400913364996,-0.007839577313995857
2021-01-14,0.012396850163976169,-0.008938398038876604,-0.0035083191081580847,0.029199265200167628
2021-01-15,-0.02284625149757445,-0.05537512928106241,-0.007319321953614918,-0.03967051790772825
2021-01-19,0.01177152250508464,0.02711590339921402,0.007821252262684576,0.019917427313072347
2021-01-20,0.00489554984972133,-0.0038291230570104205,0.013743765659709905,0.003661866853374861
2021-01-21,-0.0020682644866759792,0.04317225100456381,0.0009114017647714278,-0.03439789294299215
2021-01-22,-0.01631915908415263,0.007321661638394921,-0.0035456573397786074,-0.005215732927928691
2021-01-25,0.009520254609766446,-0.012848224678186875,0.003936113307984289,-0.010273617291048575
2021-01-26,-0.0030366287481197332,-0.009901132026527518,-0.0015623987100129991,-0.021605310148988636
2021-01-27,0.004551456100213201,-0.06487026376301606,-0.024743825945680895,-0.013588959115183194
2021-01-28,-0.009696783427044765,0.022310682499791533,0.008563178439915841,0.011623775423058884
2021-01-29,-0.0026783905130293812,-0.03365540300251999,-0.02022257856963347,-0.03375750247362267
2021-02-01,0.025533273142231104,0.022234248327886657,0.016508479300051303,0.007095879212276353
2021-02-02,0.022344187122395973,0.010772023201792116,0.014041161541185464,0.010800131344128173
2021-02-03,0.016840603173096404,0.01769967488453344,0.0007860050907866234,0.04183069414222463
2021-02-04,0.0096498412211802,-0.0128413627319747,0.011301565780436446,0.010960155411919224
2021-02-05,0.010965779192911567,0.007403899633118472,0.00392833068237211,0.008494521669061356
2021-02-08,0.019509463053032146,0.009893043077353485,0.0071958695861615365,0.04097250698886023
2021-02-09,0.006705077703834748,-0.00893142844467839,-0.0006661082234130487,-0.010656536911339713
2021-02-10,0.005468224362485355,-0.01354855023756077,-0.0004357143009866992,0.018966728826536956
2021-02-11,-0.007526525767200488,0.005183035971767051,0.0016137057418403869,-0.015553138685390716
2021-02-12,0.020899571536612125,-0.02056550508596321,0.004927720482403713,0.014657590520452023
2021-02-16,0.009705531576051956,-0.011276853160244191,-0.0008664772654108559,0.024763793345515577
2021-02-17,0.01798877065891413,-0.016818479509351437,0.0002293121802896569,0.014741348510224333
2021-02-18,-0.010192409995840137,-0.053294954804485185,-0.0042647840344528475,-0.02285453892279977
2021-02-19,-0.02137687875106325,0.019135989151761786,-0.0017674623534343114,0.016594556680578992
2021-02-22,0.03727756952902632,-0.06864200389010996,-0.007721494440214703,0.034060267464397255
2021-02-23,0.002922972050267851,-0.014007472495013962,0.0012135184643741843,0.016398886104096132
2021-02-24,0.02482316678405671,0.021125229606794072,0.010958966433588188,0.03480007021623181
2021-02-25,0.004891489967564144,-0.04935044149348522,-0.024390726818259937,-0.019476642302532047
2021-02-26,-0.03247504125137606,0.013632209092926848,-0.005166052647213117,-0.024008414657927322
2021-03-01,-0.01408244354352033,0.03720996497446838,0.023951086136963638,0.025629306873030087
2021-03-02,-0.014785540457331867,-0.03257860089658727,-0.00783362880476707,-0.005480534419234648
2021-03-03,0.02528431470062549,-0.0677010171875548,-0.013334451567118119,0.014548565839439134
2021-03-04,0.040769822442147795,-0.04078772978527461,-0.012451836190119688,0.0235911927068886
2021-03-05,0.034794066117021245,-0.014264335317022234,0.018229439016373198,0.03673848820533758
2021-03-08,-0.015861142198869006,-0.030948310662111556,-0.004991415553933101,0.0018864851714330906
2021-03-09,-0.01611689734524773,0.08021531139001001,0.014176651883230109,-0.017685936307033332
2021-03-10,0.006695241667977896,-0.0004145023352336862,0.006205241216334536,0.025010937190491446
2021-03-11,0.024223079382547866,0.06150205378280841,0.0100879694199555,0.0003739134987755563
2021-03-12,-0.006229542918315965,-0.007827726558836371,0.0013460675182331721,0.0020557922929073996
2021-03-15,-0.0033588004203430662,-0.005516257531003008,0.005945834335848409,-0.011452444010381181
2021-03-16,-0.009063681785908707,-0.023182518687771776,-0.0012621928186047633,-0.028926432960924956
2021-03-17,-0.0030912632851165392,-0.027882143019177276,0.0034042299825562438,0.0077444573670159885
2021-03-18,-0.07386982494603866,-0.05600957299018097,-0.014656672427022486,-0.04597815485957563
2021-03-19,0.0233909229785483,0.026043245967626624,-0.0018519559362706187,0.00020182011290129868
2021-03-22,0.00211435503437142,0.023709870474674363,0.007953317088471025,-0.009636280584638274
2021-03-23,-0.06355337470977825,-0.01900788892690353,-0.007902032031766575,-0.014734897319954577
2021-03-24,0.0575238781856778,-0.04580965314150498,-0.005096245108180507,0.024779066996787103
2021-03-25,-0.04376845060685628,0.004898723538191154,0.005609703624649632,0.003664553567233152
2021-03-26,0.04033006683703419,0.019793929107461066,0.015986265665406077,0.024489417885229292
2021-03-29,0.009630371337751558,-0.024246147082386735,-0.0005050664377545113,-0.01196904910811774
2021-03-30,-0.0165428738799043,0.04706742909578126,-0.002656617541204899,-0.00866684507836741
2021-03-31,-0.023223822135586915,0.03390153717511882,0.004045430205560146,-0.006906137163457476
2021-04-01,0.03797821316429917,-0.004950694027004559,0.010741099530108482,0.025159654750277666
2021-04-05,-0.04663624731148257,-0.015419985047314263,0.01425092614951039,-0.02414132879112527
2021-04-06,0.011527510016582785,0.0,-0.0005906073235890598,-0.002650440554939555
2021-04-07,0.007388759362158414,-0.028542914251612723,0.0011567430440520704,0.0034649490975507315
2021-04-08,-0.0028483220256071977,0.012881250026913395,0.004735446730020106,-0.013107066191275996
2021-04-09,-0.0047090363441455035,0.001278941359503064,0.0072436590660247555,-0.006618382411959057
2021-04-12,0.006385521052948414,-0.020228706515526523,0.00036460105072510905,-0.007916803724026415
2021-04-13,0.008008043094837287,0.02022870651552641,0.002959310854928437,0.0010452223783819106
2021-04-14,0.0481727966863204,-0.0034142975151007166,-0.0034208445191109623,0.027410319421158815
2021-04-15,0.004896898768938579,-0.014643061149277587,0.010685169523328009,-0.008164776327662639
2021-04-16,-0.005213662429376805,0.032859979480719836,0.00333675563062765,-0.008025646263853499
2021-04-19,0.0039522618165029255,-0.024650570289949065,-0.0049252623832016715,-0.0010338375311363724
2021-04-20,-0.01494229746187343,-0.009077187412458469,-0.007348251906265846,-0.02683046011322267
2021-04-21,-0.01761092736824245,0.01935111645724127,0.009417588609724243,0.01266673033188151
2021-04-22,0.0013031738584799437,0.023985949150462732,-0.00917530273579349,-0.011817032930367035
2021-04-23,0.011491573999002191,0.018538217422387305,0.010784142551915036,0.009086323995280048
2021-04-26,-0.0037081790762324026,0.004886105799362973,0.002085546238546355,0.006708379417922098
2021-04-27,0.016500154750742322,-0.00325472199763555,-0.0002154611444530212,0.012045972073946445
2021-04-28,0.014511327027076103,-0.02058522769732724,-0.00028748387296787984,0.033894654845257784
2021-04-29,0.01784794023211919,-0.015510652847107228,0.00635272048359576,0.011113483224428901
2021-04-30,-0.02224215279452497,-0.01833359887492561,-0.006592418599412413,-0.025586035278519697
2021-05-03,0.014211155615416915,-0.014301514398818866,0.0021544382724365124,0.027163397273504128
2021-05-04,0.01843660417265264,-0.04189542491672477,-0.00618856989365847,0.0005910270236355559
2021-05-05,-0.0009138774338097392,-0.0013665997874231896,0.0003129340888520242,0.03178580549159404
2021-05-06,-0.014117131715124444,-0.013306203306242834,0.007953752962538115,0.0051372152482761805
2021-05-07,0.0029319123002593084,0.017853951756052557,0.0072517083416265065,0.017683152554858233
2021-05-10,0.0003080672203291072,-0.03040324289054697,-0.009951811459722206,0.00037275768305003416
2021-05-11,0.0055299775147506355,0.002335873333761323,-0.008964594616734075,-0.026058889018505296
2021-05-12,0.012180464966032653,-0.034175173265389165,-0.02147432066502569,0.0047714596829478
2021-05-13,-0.03479954085411063,0.0038552780355850347,0.011941016844740132,-0.012260423434134709
2021-05-14,0.023996863572300863,0.038221297606127656,0.015238703743162935,0.030561211520370862
2021-05-17,0.0136737758041529,-0.009302271518241758,-0.002547878835697243,0.022917219397191324
2021-05-18,-0.01183982883395468,0.018518995198191984,-0.008653021280963461,-0.02347846492332395
2021-05-19,-0.03306466947153175,0.007768094838125602,-0.002625469130195771,-0.025192899899148073
2021-05-20,-0.020892257784187393,0.025169811854153294,0.010700828209023915,-0.0015358360685712826
2021-05-21,0.024358484926823683,0.0022165941325336205,-0.0008192929051107932,0.002111221649613301
2021-05-24,0.03811309289020441,0.0017699794286088289,0.010142739861418497,0.009920036520352537
2021-05-25,0.00030270425073261365,-0.0026559188661718857,-0.002221279205989269,-0.0205205599076974
2021-05-26,0.0021167136863074172,0.011896968082358688,0.0019826710994664846,0.008873284914457115
2021-05-27,0.009619785613413053,-0.0008765023828492658,0.0005248005289629556,0.0007680493273672377
2021-05-28,-0.007959774497063515,0.0048108823668198105,0.0017873535956265786,0.001917109785809087
2021-06-01,0.020890069065199926,-0.0021839447121438336,-0.0008812811005116985,0.037775898883408106
2021-06-02,0.0162581477221648,-0.0163106674086002,0.0015712503274322308,0.01845636107387053
2021-06-03,-0.000290675278850572,-0.018390235733364253,-0.00371828946435569,0.0027124661253078905
2021-06-04,0.011702874100352086,0.00946172148151026,0.009104392033798455,0.00665881683299902
2021-06-07,-0.005617578654828633,0.0053665778774319595,-0.000970561500186451,-0.004314316475149395
2021-06-08,0.01177497316892472,0.004006276312404625,0.0002130009292115959,0.008610018114435998
2021-06-09,-0.0012856792844758449,-0.006238798163169089,-0.0014927329548610616,-0.006270837680510318
2021-06-10,0.004705917148853904,0.004216560317701479,0.00463739205712811,-0.001258752492537586
2021-06-11,0.008781964747558756,0.008469013013762718,0.001651035396306166,-0.0034249282992378526
2021-06-14,-0.000423251413295855,0.011912591486476401,0.002236509380099957,-0.004343534043764761
2021-06-15,0.017343168871537588,-0.011468957982878317,-0.0018357101411363823,0.01886362615593378
2021-06-16,0.0004158699499665965,0.00530974237240561,-0.00559922717458631,-0.005353384069261743
2021-06-17,-0.01550419479717718,0.005720820521750098,-0.00033153936407084275,-0.03458646656090681
2021-06-18,0.00841045710140223,-0.01681465771562968,-0.013582244327115496,-0.03008305645105319
2021-06-21,0.027806392060501745,0.010210716002269846,0.014214344083433396,0.041731413563817814
2021-06-22,-0.008178972782628923,0.010108043398639374,0.005331982705418982,0.006636078204322981
2021-06-23,0.00027376861460828335,-0.0017506050247104723,-0.001205990957947668,0.0027521774789412753
2021-06-24,0.0030058939611201088,0.00654854016307981,0.00589826592807719,0.008574420656946866
2021-06-25,0.010179931399522607,0.003041553655176995,0.003545812400408235,0.0052540079664472735
2021-06-28,-0.015514727879787098,0.026120212571736173,0.002013915854152387,-0.034375229989559775
2021-06-29,0.000959622960150255,0.006319796356588746,0.0005377977358444662,-0.004874418707590819
2021-06-30,0.00669169924087882,-0.014808832991592373,0.0008414375801964289,0.012327350544022493
2021-07-01,0.023672955947228704,0.0034042844417580104,0.005521313523648579,0.017298987748208657
2021-07-02,-0.0009309089249587357,-0.0021262435815678207,0.007614385447237974,-0.002191707388996864
2021-07-06,-0.024104053108867266,0.006788195247321839,-0.0018230300709226118,-0.03308855869027984
2021-07-07,-0.016075166529910305,-0.003388337685380403,0.003527846125992922,-0.016387449733038757
2021-07-08,0.010197215221299714,-0.017547989967018472,-0.008181413297062182,-0.005780558219455738
2021-07-09,0.021966918781187,0.0025872335434889357,0.01061824768901118,0.021033359139738
2021-07-12,-0.006188625923269611,0.01156089886158806,0.0035754935034523773,-0.0015149560656450688
2021-07-13,0.015400391919102164,-0.011991712844466044,-0.003414794780586914,-0.007608968198536893
2021-07-14,-0.028577261903654064,-0.024865036144642506,0.001490991758726029,-0.03024057393876785
2021-07-15,-0.02044546615486415,-0.020076318039990805,-0.0034212323416060327,-0.014072364900230542
2021-07-16,0.0022305325536214017,-0.004064032603634941,-0.007874617185853593,-0.028752574812905787
2021-07-19,-0.07802551974330925,-0.0072663004652128195,-0.014877817329701804,-0.0359721323258829
2021-07-20,0.014943494266210987,0.009977367570760638,0.014228530339979206,0.013326576659582916
2021-07-21,0.04183015958012362,0.03109991845186759,0.00806367018790471,0.034286835562016726
2021-07-22,0.02264354581357599,0.0004374084848496946,0.0020920241835872383,-0.011230609086534924
2021-07-23,0.0022224766612245848,-0.013647717304653898,0.010235296844482145,-0.003702960110013094
2021-07-26,-0.002222476661224478,-0.008010625688047971,0.0024518843493452885,0.02443127462074754
2021-07-27,-0.003622212470222602,-0.00717497245675425,-0.004567859935602468,-0.009294817077890248
2021-07-28,0.010274984303148497,0.027082710424745794,-0.00041017353771814936,0.009093533593119752
2021-07-29,0.016848605384811782,-0.002631577885697423,0.00413870468369055,0.009609630534758532
2021-07-30,0.0044723826305266305,-0.0026385213641880625,-0.004868153161348388,-0.01606761831474388
2021-08-02,-0.03705395773328977,0.0008803106854710742,-0.0021001702943588196,-0.007519578350142461
2021-08-03,-0.009871813057557594,0.019172535142665967,0.008102487860051093,0.01699049046502282
2021-08-04,-0.03475219656555923,-0.0021603221082836907,-0.004930910478861828,-0.027448805460382402
2021-08-05,0.013698768963242736,-0.007380042182253629,0.006312769022298179,0.011274070731754226
2021-08-06,-0.011793069447451964,-0.001308043500893584,0.0016509131648894473,0.009130435238559295
2021-08-09,-0.02671567900575555,0.015584804605987171,-0.0008138395311439943,-0.01423923631069536
2021-08-10,0.026862155336878128,-0.0012894895907526417,0.0012431459451687633,0.017465617370834043
2021-08-11,0.013959788687987345,-0.006039731236575276,0.00248195799102678,0.00782132222055077
2021-08-12,-0.0023131955716578436,-0.012628097618390547,0.002992205075868741,-0.0009993493965308041
2021-08-13,-0.009452464799585019,-0.009687399220890907,0.0018184947421202812,-0.011867783920676292
2021-08-16,-0.01694583389028159,-0.007996662233658518,0.002351901661753811,-0.018585075933795648
2021-08-17,-0.010457289678278662,-0.01076224395829411,-0.006576902404833563,-0.01036067702189779
2021-08-18,-0.017115106040668182,0.006291906642933361,-0.011005351058341368,-0.021049054502888367
2021-08-19,-0.027411712265815937,0.0,0.0015471913536270288,-0.026294618283160796
2021-08-20,-0.021745146155583428,0.01600059861716292,0.007925544114981104,0.0021815097928655717
2021-08-23,0.05190286025784301,0.012705466410022966,0.008758067385686552,0.036795633246465315
2021-08-24,0.028534771589336656,0.0060764313611148734,0.0015861845950800439,0.016456910206059626
2021-08-25,0.01206783866312314,0.0034559282392734292,0.0020961263898794207,0.007615352924446545
2021-08-26,-0.013846184528890084,-0.011711512017932722,-0.0059206692390350365,-0.015289332718748964
2021-08-27,0.019389557697734143,0.008688085683147303,0.008901021320880017,0.026301089381030637
2021-08-30,0.0068141072807958,0.00989896124246276,0.0043881538698079476,-0.011832087505289695
2021-08-31,-0.010311602357340006,-0.0008567521694806392,-0.0014827567410941429,-0.006795022081438482
2021-09-01,0.0013129528517474968,0.007685855407071296,0.0005314002283441582,-0.014778184271607056
2021-09-02,0.020205646059582433,0.01183933530753703,0.0030719782982923855,0.025055805172037947
2021-09-03,-0.010051735327240165,-0.008018662129561281,-0.00024291374183705433,-0.005742541691505997
2021-09-07,-0.013659068006801153,-0.008083394367349513,-0.00358195292632419,-0.005982459173769816
2021-09-08,0.013803409387297648,-0.019409780419932573,-0.0012190264344582578,-0.012911420875628634
2021-09-09,-0.016880546957262165,-0.0013072961937753323,-0.004289545859016675,0.0020939053347536355
2021-09-10,0.02292283488496686,-0.015824579594522797,-0.007915559267849457,-0.0004186004650999549
2021-09-13,0.010415956866150763,0.019741705400406942,0.0025560589750429487,0.028263565535889622
2021-09-14,0.0001419648928943086,-0.006100261169278081,-0.005411193755366333,-0.014547587681944493
2021-09-15,0.030057501878527924,-0.014084668063489202,0.008318023921529121,0.036677015333570075
2021-09-16,0.0,-0.006671042096255162,-0.001586721372751485,-0.01140582641085021
2021-09-17,-0.008853279317053821,0.004896450420629788,-0.009788671734639674,-0.007474011202505393
2021-09-20,-0.023619828268174783,-0.02700450110158872,-0.016814792507530648,-0.03101261189169823
2021-09-21,0.003833822885291427,0.011791724591403565,-0.0009452223285759203,0.0023257824283417455
2021-09-22,0.02339214144026172,0.013879650085686845,0.009707620255241477,0.03036852357974577
2021-09-23,0.014705131988040446,0.008853555243310638,0.012076797326362151,0.034433929811614014
2021-09-24,0.009234181254129515,-0.019582303504543083,0.0016459929818095876,0.007493582718675975
2021-09-27,0.019675312985899165,0.00805724246836612,-0.002865262411914485,0.03494220074085137
2021-09-28,-0.0021228087443940684,-0.022087753309834066,-0.020357534616814135,0.003409318894434342
2021-09-29,-0.006128437460249712,-0.01053849267521359,0.0016818639997755402,0.0
2021-09-30,0.002669118726309774,-0.00276743314585246,-0.01229781021937089,-0.015241324026896513
2021-10-01,0.011265091582319942,0.005527508807893922,0.01181420050176385,0.03304374403342163
2021-10-04,0.02267205245531469,-0.026531952722090663,-0.012979797829805335,0.01621235087488221
2021-10-05,0.01673622626098354,0.0018851726687343392,0.01035096516849504,0.005831079039578884
2021-10-06,-0.01918708124677745,0.0023514075667608577,0.004147451564511378,-0.010593898209698407
2021-10-07,0.011173335632008194,0.010280232842892097,0.00860868975369305,0.007682730757682896
2021-10-08,0.013320785770737873,-0.007934722377804978,-0.001825556218505882,0.03032967231101452
2021-10-11,0.01463713133821937,0.0037418476907463056,-0.007266019410493728,-0.0037189988602921963
2021-10-12,0.0014892376733052664,0.037117723266362965,-0.0024645223487144785,0.0008867575934311311
2021-10-13,-0.0024832014991143163,0.03187517984805286,0.003591141536162534,-0.0008867575934310949
2021-10-14,0.01075738493874133,-0.003929185747853579,0.016680684092009613,0.01216837786306065
2021-10-15,0.011859069754950442,0.0030574946070790194,0.00758700572241696,0.0048960156614837
2021-10-18,0.0019427356878064283,0.003917125805884258,0.0029561788560993124,0.00069734483812977
2021-10-19,0.006287767248904859,0.024035414086439985,0.007685202599876138,0.011266221588541249
2021-10-20,0.010909460858902913,0.005919874366905728,0.003919935585131537,0.008068084955116232
2021-10-21,-0.01646972040377106,0.0012638695505916106,0.002604922478099111,-0.01863744765649536
2021-10-22,0.01515729872582991,-0.008032135811423344,-0.001036567720674442,0.009362219460883574
2021-10-25,0.0,0.014746437551248852,0.005348323880677987,0.014561235059368093
2021-10-26,0.010569534538418943,-0.006714301739825444,0.0008995478253270658,0.005765670061157467
2021-10-27,-0.02378927321801602,0.029456684897494034,-0.004439949638779321,-0.029166488364537762
2021-10-28,0.001812944176717788,0.03416022437711803,0.009602550445157232,0.007112550171155011
2021-10-29,0.009135802798020112,-0.0015815447350929648,0.0020271464953357716,-0.006590574944549569
2021-11-01,0.005727295801855394,0.020368854927426742,0.0017186460232404297,0.017079737191269623
2021-11-02,-0.0016670566381836963,-0.019182301280051658,0.004034869412283613,-0.009452569125608006
2021-11-03,-0.03702556776440232,-0.023191795965411686,0.0060866997161266164,-0.008323299132834604
2021-11-04,-0.02567941037369944,-0.0052727440299856,0.004701630541830664,0.0013920105017036356
2021-11-05,0.030737042071998292,-0.01268693388116314,0.0034635072994002687,0.01295693782900667
2021-11-08,0.008088324419384512,0.01795967791114862,0.0008533043126268554,0.00905597424518304
2021-11-09,0.026735710891100963,-0.0052727440299856,-0.003310773775948108,0.004074108601558242
2021-11-10,-0.03396308331282692,-0.014335709449944055,-0.008077274016346352,-0.026782900110278583
2021-11-11,0.003068805099583119,0.026060055716380967,0.00032327165154263763,0.003820855726792745
2021-11-12,-0.009853453732612356,0.008006467957296728,0.007518385317412717,-0.0024296582581940095
2021-11-15,0.0011133339296825187,-0.012033828772015418,0.0003425651261403176,0.008306015670007083
2021-11-16,-0.0014847208572589398,-0.0024242414217325635,0.003950025372664852,0.0015497457409474114
2021-11-17,-0.0301682190308167,-0.006086357817200795,-0.0024321669589384733,-0.015431734167079584
2021-11-18,0.00826085290670058,-0.013934693695206304,0.003390532473762322,-0.00595859022807997
2021-11-19,-0.037526208955442356,0.01880664106293033,-0.0017898352442269102,-0.03980458555253694
2021-11-22,0.008505141650637774,-0.023356912045327975,-0.0028190372216266688,0.017587452035961487
2021-11-23,0.022545238321056222,-0.011676406097553394,0.001325252752763648,0.030270417068704883
2021-11-24,-0.0014022643738215343,0.0029319081107009926,0.0026660763679601717,0.00971725002913869
2021-11-26,-0.1399851798819939,-0.013050114568589602,-0.022555522039125215,-0.041066654138442495
2021-11-29,0.026069476951239148,0.010956808513773857,0.01219190812213357,0.0057411112366818305
2021-11-30,-0.05540235037902108,-0.015628660026591405,-0.019649329071595743,-0.023713952082107678
2021-12-01,-0.009260037483435552,-0.03157012912162609,-0.011169418222632734,-0.010681365789005314
2021-12-02,0.014083678040478737,-0.004403498675872738,0.015200355625692103,0.028654206634431127
2021-12-03,-0.003615518549937394,-0.03183411889809978,-0.008739593387553733,-0.007948265653326292
2021-12-06,0.04759639747281211,0.011775610278564101,0.011773727703541449,0.014761951333908582
2021-12-07,0.03617753821695816,0.03190351694879445,0.020473877211306925,0.023139821720634755
2021-12-08,0.004293304160383434,0.00304790972862913,0.002644533980245849,-0.00017475073145407645
2021-12-09,-0.019819185201462836,-0.02911530694765446,-0.0067745421213464725,-0.007713771373716655
2021-12-10,0.010237740696853731,-0.006737050341833951,0.00936959822287957,0.007364489905389418
2021-12-13,-0.005316146485581692,-0.0052686444308878,-0.008897976170585934,-0.02817073005321604
2021-12-14,-0.007886219462695144,-0.030515240212251975,-0.006903670637446556,-0.004141829096484481
2021-12-15,0.0019773930682393704,0.016759992414697385,0.015504145687973392,-0.004883551093512639
2021-12-16,0.02108272861151917,-0.022409919381830536,-0.00885780944654179,0.006326172264523557
2021-12-17,-0.02122387213808613,0.0018867945421693602,-0.01069989473133768,-0.020570565423524746
2021-12-20,-0.03782170802322218,-0.0374503492968701,-0.010690175331636548,-0.012466523289528113
2021-12-21,0.041484229797041916,0.03272691045366991,0.017602978953334764,0.02808687285739434
2021-12-22,0.02279775318524723,0.005665455196286077,0.009949189886161251,0.006399263800158532
2021-12-23,0.01405685046759793,0.0,0.006202790620640953,0.0005464907716865904
2021-12-27,0.02383614151683341,-0.0014133098470325482,0.014052897858000398,0.02162252833751755
2021-12-28,0.005410816946974785,-0.00995036231191643,-0.0008176072332399519,-0.0007132845981268632
2021-12-29,0.007604523314617708,-0.003338976295287101,0.0012785944034077862,-0.006442402130779455
2021-12-30,0.005600800287199458,0.013862771998788355,-0.002768302993506006,-0.006122909494703736
2021-12-31,-0.023391326877736814,-0.0018876516565197302,-0.0025236091548327287,0.0025258519569639347
2022-01-03,0.01150125363926067,0.007998168554672577,0.005773352959249418,0.030520446185978368
2022-01-04,0.011890073238476307,-0.01558470672334875,-0.0003348966829787038,0.03401799562750078
2022-01-05,0.011108363136662809,-0.047767346403797366,-0.019389050892344994,-0.0001689745982841901
2022-01-06,0.02046986018482409,-0.014077725708244048,-0.0009399745010781927,0.02205606862322275
2022-01-07,-0.007072491673356959,-0.004567248184167257,-0.003961169192488735,0.013623461474137604
2022-01-10,-0.008527998583165617,-0.0045884102038601686,-0.0012451964791329133,-0.003102266388779017
2022-01-11,0.037508288679673644,0.008649158387817376,0.009067158592125884,0.03344913666564294
2022-01-12,0.01733228013797603,0.0025299384700833366,0.0026998642806143514,0.0018959428577165803
2022-01-13,-0.006312191829025816,-0.01117909685790074,-0.013874462079213053,-0.005064299928710103
2022-01-14,0.02049001325938894,-0.006150607181929631,0.00040884735682891743,0.023209615233473684
2022-01-18,0.01902569187968059,-0.028156343485562944,-0.01786820042838717,0.004022315082082349
2022-01-19,0.017750901549051262,-0.002647400124825304,-0.010437828835339686,-0.007282844899939148
2022-01-20,-0.0006901824544436454,0.006342408265602929,-0.011129671765171606,-0.00921808405671119
2022-01-21,-0.020461096599159925,-0.03648476684593736,-0.01982598355439188,-0.01997552018522823
2022-01-24,-0.021728392549470024,0.0038178300022374484,0.004237678045686416,0.006703033715791205
2022-01-25,0.027116704640271064,-0.030397579719313138,-0.012284060014275962,0.03807605045451348
2022-01-26,0.020237753789495192,0.0033615174215214203,-0.0025118432382046627,-0.0016857033563998979
2022-01-27,-0.008507729721424101,-0.01578394244793673,-0.004950295868237932,0.01083074147623214
2022-01-28,0.0024217169663282062,0.009049911030234663,0.02453212406460535,-0.004257440096514771
2022-01-31,0.015202919797499057,0.05424492801346214,0.017850644908638406,0.004409054239746467
2022-02-01,0.0005670022584099223,-0.0016014162583861348,0.00673428869541072,0.035028666320344556
2022-02-02,0.0006800996329194048,-0.004282481570353366,0.00966722416990884,0.003217140722099584
2022-02-03,0.022518114077128004,-0.025537989855404165,-0.023785708614976052,-0.009535771095573997
2022-02-04,0.0223473094317894,0.009312593516357473,0.00469114754246325,0.01550412563434901
2022-02-07,-0.010782633234386996,-0.006015831839786286,-0.0032143543906227355,0.01269132286281589
2022-02-08,-0.02169665672856624,0.0021916340824682176,0.008194149792123056,-0.02173038021585818
2022-02-09,0.003351617980497887,0.0354877578487882,0.014530030202880814,0.008313182140125129
2022-02-10,0.0024506371871076305,-0.025683592651765636,-0.01812889846531205,-0.006264978149360984
2022-02-11,0.035198751134539005,-0.026360892402864423,-0.019915797463524815,0.02867023241015341
2022-02-14,0.025033134093715086,-0.007821137798826611,-0.003274733128075856,-0.02385845921362807
2022-02-15,-0.03615814800191128,0.049244246869817106,0.01599832686211324,-0.010528344238352206
2022-02-16,0.01712208887028263,0.0005334817055260876,0.0011201290479548548,0.008052653703311253
2022-02-17,-0.020494746753687516,-0.013970975442609364,-0.021592724112046813,-0.0016055186507093176
2022-02-18,-0.007548057873018512,-0.01856974944265112,-0.0064961102546186485,-0.006152924124410004
2022-02-22,0.013957251893742095,-0.02511990842936356,-0.010789650195944332,-0.016296935211158103
2022-02-23,-0.002710763428837968,-0.006806490894569094,-0.01789790835715291,0.010253741688522614
2022-02-24,0.00767943960824961,0.07349784696857675,0.014936917540835898,-0.007866558329713991
2022-02-25,-0.013232310870708412,0.027642029216782864,0.02182407745899349,0.026033023610139656
2022-02-28,0.044105220361855504,0.06328376429433977,-0.002561639881228758,0.024380682181551448
2022-03-01,0.07727442881735072,-0.009704037718102583,-0.01534763286764838,0.010009156962835915
2022-03-02,0.06721837068148417,-0.016220631322298614,0.01822915497953117,0.022606994394484933
2022-03-03,-0.026849098470408818,-0.03069417380322901,-0.004990998065003467,0.00273916628556244
2022-03-04,0.0717567842271057,-0.007694344226648472,-0.00815767348923877,0.028447950794947923
2022-03-07,0.03165145268949915,0.02441616690219458,-0.029922640747978273,0.014646949503504755
2022-03-08,0.03538004098974776,0.06657810086164967,-0.00761045761567412,0.015597046049171856
2022-03-09,-0.12926748867569027,0.002816760828738771,0.026457691062420054,-0.03104182938376223
2022-03-10,-0.024964042155665663,-0.014164398970982026,-0.004525791840870791,0.03013855402065508
2022-03-11,0.030743124297906384,-0.015333442551322067,-0.012796521827890112,-0.008035324755645697
2022-03-14,-0.05954475656066523,-0.03688622765709576,-0.007335267705385241,-0.030385434306582946
2022-03-15,-0.06590501300543337,0.01590473910384392,0.02175216158230587,-0.03730693257776759
2022-03-16,-0.014623213380848012,0.026278932993626946,0.02193196646873634,-0.004605493391986164
2022-03-17,0.08023696196850406,0.012410739773138533,0.012433393155343905,0.03383148958694997
2022-03-18,0.016564261512938844,0.0033148867984765093,0.010892989209894838,-0.0009467895039460089
2022-03-21,0.06847066206454293,-0.0071173005648015155,-0.00029227719418038804,0.03952028069970837
2022-03-22,-0.00321601673024245,0.013715238925443789,0.011633405394760347,-0.007383166511990091
2022-03-23,0.02796951597283389,-0.015621881470211934,-0.012961994628269677,0.017056180990972756
2022-03-24,-0.02279329553014544,0.015621881470212009,0.014961820418155402,0.002468642512303248
2022-03-25,0.013790929343950018,-0.011812128704880905,0.004871700169046488,0.021694172554063553
2022-03-28,-0.07225922808623245,0.004268132260924731,0.007087799764488013,-0.025073506685637362
2022-03-29,-0.01636574344035365,0.014564875920901742,0.012294977663087271,-0.002607710177580919
2022-03-30,0.0337672548698994,-0.0023350094132147787,-0.006193939566918795,0.011551695370542807
2022-03-31,-0.07249690607595803,0.0060592511826059806,-0.015510801609665786,-0.013642610979086478
2022-04-01,-0.010122884331709858,0.005560718337553272,0.0028299654254295386,0.008077959917698302
2022-04-04,0.03960035793359485,0.020128796696983014,0.008530173047258015,0.0012969786811139533
2022-04-05,-0.01286316419039552,-0.002721135750094522,-0.012711953320459515,-0.015805864998367745
2022-04-06,-0.05783937627584542,-0.01187760041400826,-0.010049468622965609,0.0059074280514791345
2022-04-07,-0.002080564314593593,-0.012020563307203117,0.005026142262517367,0.013004249610745441
2022-04-08,0.022956418542896817,-0.01263768221861045,-0.0026773693165867804,0.027147449653585624
2022-04-11,-0.041241899293809864,-0.01041677630715079,-0.017240043676523834,-0.03051236523045362
2022-04-12,0.06477709331057327,-0.011488973799036947,-0.0037123016889305297,0.01645671767399334
2022-04-13,0.03563961818105445,0.012440528693920318,0.011388672852124625,0.01480973922995021
2022-04-14,0.025569546315068425,-0.011959140364209865,-0.012530114765498023,0.0032616122894074456
2022-04-18,0.011712368128924148,-0.007244683194138269,0.00041102807395043835,0.014545569444740848
2022-04-19,-0.05362580575520705,0.020629364366835733,0.016013990883162854,-0.008179323685251426
2022-04-20,0.0018508840086474256,-0.01772505307005654,-0.0007419680030437595,0.003850420242562355
2022-04-21,0.010070782421812615,-0.05004760325995661,-0.015066351919373713,-0.032248797842574575
2022-04-22,-0.016710786372617224,-0.016910548721966966,-0.027822798129115693,-0.02475653842436652
2022-04-25,-0.035196283018801594,0.0,0.00578093573758679,-0.03363013039689947
2022-04-26,0.031564706640324416,-0.02777229353114893,-0.029388385391536948,0.0013561994668386446
2022-04-27,0.003141566543055737,0.01214702907807358,0.002807812540032455,0.01453210435799031
2022-04-28,0.03221422363791778,0.004190611124014555,0.024945634005963536,0.029872624855470705
2022-04-29,-0.0063794375764339144,-0.01527541584668806,-0.03765587345981906,-0.026006207830638006
2022-05-02,0.004574445469907173,0.0015911168341087134,0.006001559435143817,0.01584211793525171
2022-05-03,-0.026593671274868835,0.015773142875390677,0.004573493692826463,0.027643053266724314
2022-05-04,0.051385996058933216,0.040884519742476526,0.029998476045360267,0.0406947089165162
2022-05-05,0.004165365195665697,-0.039841679109643514,-0.03619001258129671,-0.015160532918259667
2022-05-06,0.013851476016463813,-0.032842128590938414,-0.005986599190869985,0.029370537725232605
2022-05-09,-0.06278487953283066,-0.06163473987940109,-0.03254123229445458,-0.08635352796619528
2022-05-10,-0.03283503479939427,-0.0005728341775115599,0.002307921508196919,0.009031068225745958
2022-05-11,0.05793216433434838,-0.029662104760631136,-0.016013645188071544,0.013330796833331672
2022-05-12,0.0039652447744917664,-0.007108974750190733,-0.001044401321488695,0.004233725953256525
2022-05-13,0.04026026789661295,0.047600241429954705,0.023626545684514853,0.03361118571709229
2022-05-16,0.03302627070805514,-0.007968035846933655,-0.0040659469846045,0.026026628096731747
2022-05-17,-0.01588731946396071,0.04141619525958069,0.020361846798803634,0.011512173707757896
2022-05-18,-0.025317854976181154,-0.004395648077130554,-0.04114668500013032,-0.025969227933006378
2022-05-19,0.02362601145887709,0.03782202628284088,-0.0061434500413268395,-0.0036776599057653735
2022-05-20,0.00904907045525924,0.005288129767826325,0.00043643378974241005,0.004289432633893615
2022-05-23,-0.02630790935383447,0.01205787334253466,0.018537097932409183,0.026072643027772367
2022-05-24,-0.004726031501443259,-0.014698602985535731,-0.007663205591965443,0.0038055824215864186
2022-05-25,0.005088654250674318,0.01417721324996812,0.008796335231159793,0.02044225047494448
2022-05-26,0.03351168714147415,0.024718147621384672,0.019784457289158352,0.010987154590731128
2022-05-27,0.00855305767342729,0.0241215690400642,0.024252607880380084,0.018123443993540343
2022-05-31,-0.0034822141011021353,-0.012993771862966954,-0.0056267600480776675,-0.015137160208669218
2022-06-01,0.005132042460357287,-0.011636719207965208,-0.008121436962598655,0.016153221877351045
2022-06-02,0.013871764903703702,0.039905479302183855,0.018864530970102877,-0.0031648171043715386
2022-06-03,0.01696825265205771,-0.00785449697730292,-0.01654786877786196,0.013157592232529458
2022-06-06,-0.0031175215231096917,0.019522302635510316,0.003040205044802516,-0.001117929913616339
2022-06-07,0.00765001963847122,0.008662276832592648,0.009546313381723029,0.029425300800018553
2022-06-08,0.022359302629648345,-0.01253630791128658,-0.010931586922348982,0.0021696965639284014
2022-06-09,-0.004925701342088371,-0.02773838043355269,-0.024070229179195633,-0.022354798257717943
2022-06-10,-0.006937049589774876,-0.018246890839428348,-0.02942438186947196,-0.01710030893147506
2022-06-13,0.002152336409315797,-0.058995411195798354,-0.03870765843850161,-0.053603493570362565
2022-06-14,-0.01667678101559221,-0.011459879670608833,-0.00301804068784822,0.0019007925378618838
2022-06-15,-0.030910954694686854,0.023862318581907033,0.014155772341897525,-0.022326879079738224
2022-06-16,0.01957983408181096,-0.0376787646887515,-0.03365607011401665,-0.05797280258706012
2022-06-17,-0.07073164458114989,0.03553291817748063,0.002153391563797909,-0.056220725237297375
2022-06-21,0.00989975817605793,0.024404211244262893,0.024862190619107986,0.050508848403728754
2022-06-22,-0.04114211488051964,-0.006309048689103907,-0.0018149811733662868,-0.040854847780700185
2022-06-23,-0.018246308799802363,0.018809286590106583,0.009754946703484382,-0.03777170167697276
2022-06-24,0.03162287297550904,0.004647479765350391,0.031298986286902565,0.013075667299636442
2022-06-27,0.01795708204970407,0.01381464135119408,-0.0038269223139986487,0.028911749864445044
2022-06-28,0.019790122431063026,-0.027300204329414896,-0.02064445721336774,0.026646905163517663
2022-06-29,-0.017875382060949133,-0.022176198499177027,-0.0008149629423270774,-0.03537006269809149
2022-06-30,-0.037305955699976086,0.016940509347328273,-0.00815725111840165,-0.021306806568090232
2022-07-01,0.024932409996359532,0.014073772364719421,0.010520941457934732,0.014852287990613264
2022-07-05,-0.08594716213403925,-0.014598799421152636,0.0018866192334745205,-0.04048917916930368
2022-07-06,-0.009796586219315792,-0.004210487168953911,0.00337186356560123,-0.017220438544967416
2022-07-07,0.04174316196018757,0.04031539013662943,0.014865948739973772,0.03541829773819067
2022-07-08,0.019854136318213016,0.012585244867947721,-0.0008228602239052213,-0.0004228250218864804
2022-07-11,-0.0067024818783995065,-0.027385062909929186,-0.011489271484488538,-0.009630297603086707
2022-07-12,-0.08257577818875095,-0.018158839282803794,-0.008888328274625455,-0.01968887981725191
2022-07-13,0.004788254337710234,0.00574267192303742,-0.0052656119928421,-0.0015975571002047014
2022-07-14,-0.0054144683245929874,-0.004173253405449985,-0.0024313676960670385,-0.019079051958727108
2022-07-15,0.018721109458313057,-0.016869172155223985,0.01892476274952195,0.016166961904186157
2022-07-18,0.05006292623664312,0.020000848415992343,-0.008291042741224526,0.0226320178314577
2022-07-19,0.01566614332926657,0.018074232809406635,0.026660390016964672,0.030322329400133016
2022-07-20,-0.018985450651782098,0.005613618989825803,0.006353083770160022,0.00963229978532796
2022-07-21,-0.059531231518497624,-0.0020375228906084793,0.010131606758926446,-0.01768475681589489
2022-07-22,-0.017273411057041062,-0.00562540956765494,-0.00932137515720148,-0.008258128550500876
2022-07-25,0.02089940293372144,0.012739158669000682,0.0012142797533226217,0.03602634630155201
2022-07-26,-0.017946992435663202,-0.0158206635112114,-0.011901574071356101,-0.00912517272310222
2022-07-27,0.02372144847520207,0.04623954822517327,0.0256349919035963,0.022324079893192256
2022-07-28,-0.008674196952688428,0.06787882960654866,0.012464208107673538,0.005603678356660076
2022-07-29,0.022560478659059337,0.022686869513548615,0.014473612369873932,0.04245987005214448
2022-08-01,-0.049150230876384905,-0.012641070955662507,-0.0029656054261294564,-0.020874373723476412
2022-08-02,0.005629017955736299,0.012641070955662425,-0.00661924153382357,-0.002346390249594873
2022-08-03,-0.040636609818898634,-0.02131106436389531,0.015538174559597544,-0.02913381086540038
2022-08-04,-0.02366184826232168,0.019065308735181898,-0.0006758675287986033,-0.03779161238328229
2022-08-05,0.005294309326469751,0.007615062990547249,-0.001691515109929751,0.019621902272791817
2022-08-08,0.01946993647804398,0.004452252240636815,-0.0011616804582237465,0.00518620879209984
2022-08-09,-0.0028688327428962974,0.0035476377095321793,-0.0039787560823357025,0.017408149402811306
2022-08-10,0.015677570489436722,0.0441631343010122,0.02078632285019313,0.007198118395558531
2022-08-11,0.025877817842593524,-0.014075715745805907,0.0,0.03382187566088334
2022-08-12,-0.02413891907127049,0.011531063391466008,0.016787176290437442,0.007547407974151486
2022-08-15,-0.029533746260803902,-0.0012745878567429663,0.004112450940841259,-0.019690615241650517
2022-08-16,-0.032741413194471235,-0.012837159108738876,0.001956746762155324,-0.002342115809796539
2022-08-17,0.018094880294427504,-0.00388359924329057,-0.00712322656483753,0.008302954589680068
2022-08-18,0.026763809900087754,0.002159436125109775,0.0029020847758397202,0.026518829219593438
2022-08-19,0.0029789468498015374,-0.027998203147809195,-0.013529193228075739,-0.000251788076516759
2022-08-22,-0.005966794345088517,-0.01564986071119467,-0.021042412595600694,-0.0018896728400345083
2022-08-23,0.03816296649507722,0.00180092654174273,-0.0024219955362120896,0.03542596486722488
2022-08-24,0.012193349847795385,0.019599838976099866,0.00319613126468886,0.0122166866376354
2022-08-25,-0.02529351847355716,0.02052024408468117,0.014018830832378495,0.007664876073286326
2022-08-26,0.0058196191018388506,-0.023170549025544357,-0.034435220485283094,-0.011760766500821033
2022-08-29,0.041569667812168705,-0.011118664641440531,-0.006634339771326733,0.014976780601922327
2022-08-30,-0.056946237068939747,-0.009887592649148208,-0.011038596747785486,-0.03447998250559333
2022-08-31,-0.023070688339442143,0.0018050804724690109,-0.007637884049674132,-0.009150251228080967
2022-09-01,-0.033381873195455214,-0.017739858588416528,0.0031327485362348294,-0.024904160153434492
2022-09-02,0.00299749049890181,-0.016192718926563265,-0.010600299477235465,0.01817326545200905
2022-09-06,0.00011504468313039828,0.010670398822451712,-0.0037803198767249135,-0.009297846243796266
2022-09-07,-0.05854052265833876,0.04731668874310324,0.01780561192990698,-0.011680992504654925
2022-09-08,0.01933826811440578,0.006580464743721256,0.006514857195674327,0.004332644640086151
2022-09-09,0.03816584817674012,0.00262003885102138,0.015415903404155397,0.024618293091324756
2022-09-12,0.011342252148776735,0.006953626270461794,0.010690180552020109,0.018195666046892458
2022-09-13,-0.0053686944934838755,-0.026773673857251816,-0.04445616169918728,-0.025542779027482424
2022-09-14,0.01331159985383934,0.015449436102821871,0.003808583044493916,0.0278549792119607
2022-09-15,-0.03894955806514469,-0.02843368592020897,-0.011418154948110203,-0.02610674923682868
2022-09-16,0.00011752701128942239,-0.0036117939470456115,-0.0076581609168671055,-0.021565569498255808
2022-09-19,0.007258317187514524,-0.002717432127434216,0.007724896072598467,0.0005925887667398524
2022-09-20,-0.015043254730761624,-0.03038905479812972,-0.011544860379889431,-0.006979634484135969
2022-09-21,-0.018042122862901723,-0.005155885914871067,-0.01759777341374246,-0.0147645786727715
2022-09-22,0.006609354365199205,-0.03199110569572692,-0.008435140203162932,-0.0035604448275131824
2022-09-23,-0.0585755802338362,-0.02904469057422041,-0.016897028018152238,-0.07144950928825225
2022-09-26,-0.026119192349120236,-0.024780028998486966,-0.009941790528608207,-0.024851983871121076
2022-09-27,0.023066558752072978,0.00663441358250342,-0.0025561289737482716,0.011137925551784068
2022-09-28,0.045448238269216075,0.01564490281083796,0.019485335720902053,0.043350363148115675
2022-09-29,-0.011262184668438886,-0.04454278627581945,-0.021110185005998233,0.0
2022-09-30,-0.021653477678323034,-0.0005237574243152031,-0.015584189745367226,-0.008021191407979876
2022-10-03,0.050771073840550345,0.030438432319122008,0.026058544500950458,0.05497293900201366
2022-10-04,0.03397328773398024,0.03101793614682525,0.030516294313408927,0.042077970124955955
2022-10-05,0.014230278023359837,-0.040719401950736304,-0.002330925603343331,0.020454381065139398
2022-10-06,0.007831545794454152,-0.02704280595153029,-0.010369243969944927,0.0176217880937511
2022-10-07,0.046283621133100014,-0.02887889090639606,-0.028290479495703878,-0.007793571421189815
2022-10-10,-0.016433978867390647,-0.004350259614017118,-0.007664685057807175,-0.020751705837636754
2022-10-11,-0.019725803840981798,-0.01040818602921778,-0.006353044261501127,-0.00802026144732738
2022-10-12,-0.023554501818735887,-0.025656766811974197,-0.003303971156243329,0.008020261447327334
2022-10-13,0.020864845764892608,0.011236122044855641,0.026048983590755852,0.04000270791031308
2022-10-14,-0.0400694625902089,-0.020316562763993684,-0.023052543492646398,-0.03800794537376876
2022-10-17,-0.0017536863808918246,0.018079393222045364,0.02537239741549937,0.012379516805519155
2022-10-18,-0.03137884507033144,0.02542970675312579,0.011681052798412913,0.008697511871923398
2022-10-19,0.032431461577801336,-0.02991911683679181,-0.007111778883079431,0.029088433428328776
2022-10-20,0.005013714100911246,-0.00847229968960419,-0.008420683377792929,0.000947540680697761
2022-10-21,-0.010875395387529897,0.01743105509941209,0.02401103645598122,0.028469842620379656
2022-10-24,-0.005541501030663559,-0.007834511962718596,0.012162171993257503,0.004705499836854884
2022-10-25,0.008711036333179677,0.029340529136968795,0.0158426059357089,0.0010298505225271846
2022-10-26,0.029904715494257612,0.02584963158130353,-0.0075628223013818035,0.013518986746467404
2022-10-27,0.013221257423768493,0.004773294503818705,-0.0053542840602709765,0.0036044469572514438
2022-10-28,-0.013335040893947693,-0.001588426102653825,0.023512133354095015,0.003479471132233777
2022-10-31,-0.015708661539025393,0.001059231029769299,-0.007249585894436181,0.008368215415833635
2022-11-01,0.021041416099027432,0.0015869579787599352,-0.0043854978817303054,0.009620301995794963
2022-11-02,0.018277093719872264,-0.015446440335670787,-0.025416384803319626,-0.02439556923411752
2022-11-03,-0.020542921998650533,0.020717798076672057,-0.010350336520875318,0.018324543870547723
2022-11-04,0.049130385441120944,0.007333611554386132,0.014290679707357047,0.012105322353265698
2022-11-07,-0.008893764567584613,-0.010493005879289061,0.009520091357032181,0.01702756744475357
2022-11-08,-0.03187870588315595,0.023971891140395295,0.005380838038143873,0.0009674914482872782
2022-11-09,-0.03525604625836199,-0.004645184613424823,-0.02081719662935901,-0.05011780602988929
2022-11-10,0.007428930025776933,0.06654127048272554,0.053497324062020686,0.022008400280035277
2022-11-11,0.028389273121412952,-0.010216776921472394,0.009631930106046826,0.028646578245171323
2022-11-14,-0.03535226354107958,-0.008840753528308303,-0.008543024010579962,-0.0003225254651273638
2022-11-15,0.012153577652508817,0.01808889629291872,0.008492763391653183,0.010471455466624983
2022-11-16,-0.015419723215384675,-0.010716184640422746,-0.007658009101493938,-0.020619355217777087
2022-11-17,-0.047249080641357105,0.004885277977483893,-0.003064717713120578,0.0021678159249541532
2022-11-18,-0.019293172593227038,-0.001463030126612516,0.004530265421070786,-0.007935145561795623
2022-11-21,-0.004380189254109803,-0.0073474307690408495,-0.003642565105629027,-0.01362513295511806
2022-11-22,0.015185673806176454,0.012701377366001994,0.013367201504568795,0.030828925304085455
2022-11-23,-0.03789231118961153,0.010623140789382812,0.006281803629619692,-0.010893929211813267
2022-11-25,-0.021528566505445258,-0.0009611867837003763,-0.00022367761601871792,-0.0036940610944143533
2022-11-28,0.012506665173971046,-0.01843814845351507,-0.01608560856458134,-0.02781344851159772
2022-11-29,0.012352178622964359,-0.005401367166216807,-0.00171893869667922,0.014996075773064829
2022-11-30,0.029608538983256973,0.040999192448527524,0.031014376817526414,0.004949349421928401
2022-12-01,0.008283389778253769,-0.009496789351476536,-0.0007361086824370658,-0.003296749091029892
2022-12-02,-0.015384891896905036,0.014681933314960049,-0.001154322248278989,-0.005961544090140729
2022-12-05,-0.03888072395306297,-0.012775327503021669,-0.018153100788225067,-0.03012481733846766
2022-12-06,-0.03545814375496243,-0.02117511074677815,-0.014519644152532143,-0.026714652851339126
2022-12-07,-0.030632749756286597,-0.0038985012318320947,-0.0017026345176688474,-0.0023468988361869916
2022-12-08,-0.00766718814300438,0.007782154876260352,0.0078033810421194874,-0.0044742588201697586
2022-12-09,-0.006176359536017363,-0.002911349690131904,-0.007498254698224251,-0.024609862819960443
2022-12-12,0.02982399562377329,0.009189992094106389,0.014314310226031343,0.025907216818708036
2022-12-13,0.029889156256414372,0.011794686397947991,0.007541491830022593,0.018796922809308645
2022-12-14,0.02476054198072616,0.011374635257889024,-0.006414058207782674,-0.006148719648624193
2022-12-15,-0.015255503809779651,-0.02095319731427874,-0.024765764127746615,-0.006069979441805163
2022-12-16,-0.024203304811224517,-0.017966114857632918,-0.011876571842024104,-0.012369743264982396
2022-12-19,0.01204191037235116,-0.010837373350156871,-0.008515826018136103,-0.00012005524983309002
2022-12-20,0.011898526200013675,-0.0014869654939613547,0.001367468265016079,0.014979211420526568
2022-12-21,0.02850309055409988,0.014282409737834732,0.014841762428624956,0.018818739296337574
2022-12-22,-0.010271024405837678,-0.01726309008948009,-0.014368843374126406,-0.023312702030951166
2022-12-23,0.02636255509138068,-0.005487779796370168,0.005735757046369666,0.031385539506999335
2022-12-27,-0.0003771296793383892,-0.011572374426939187,-0.003951356105375908,0.01062577476634243
2022-12-28,-0.007192910089677919,-0.01017307084241956,-0.01250559790991858,-0.02264355518553838
2022-12-29,-0.007117436711298444,0.015724448354076034,0.01784027216403565,0.01040832100738217
2022-12-30,0.023447444636044895,-0.0010071344156938496,-0.002637795856876952,0.00630795382146103
2023-01-03,-0.042375470017376494,-0.011144924441341679,-0.0042186431379687755,-0.03572846743360261
2023-01-04,-0.05463071685444142,0.008117927145356866,0.007690509022481269,-0.00011847475771064757
2023-01-05,0.011330431256570664,-0.020935228273452275,-0.01147914152298832,0.018084087904277745
2023-01-06,0.0013564635509059847,0.02547239590312693,0.022673323106622022,0.01879121000304905
2023-01-09,0.011590434949835204,0.00851501907641132,-0.0005671586189258409,-0.003546628921329299
2023-01-10,0.006544337121958464,0.014851722289286978,0.006988479691782713,0.007080819812735478
2023-01-11,0.030029147061982935,0.028580423793742146,0.012568396288918681,0.0030678922433627705
2023-01-12,0.012580341889957748,0.014695646792475283,0.0036342301433034603,0.018881369531714275
2023-01-13,0.01857874886330334,-0.0014127397905838752,0.00387197317714119,0.0014461015518178928
2023-01-17,0.003999001742649654,0.006575964539609934,-0.001833702498646412,0.002110059490618348
2023-01-18,-0.008768651100673848,-0.011773153209314175,-0.015913889346181584,-0.01847429326444958
2023-01-19,0.01063771306005812,-0.03421209356001287,-0.007306555179370824,0.012354039477479515
2023-01-20,0.01212580721396317,0.009756118686599573,0.018457840447405404,0.009885225282812753
2023-01-23,0.0038053834346630346,0.017801777745155845,0.011927090915870735,0.0013252992805196087
2023-01-24,-0.01842408211510216,-0.007659083298139819,-0.0010737702021175737,-0.0038707582588291376
2023-01-25,0.00024961657994953667,-0.008202860164594428,0.00037467799070319387,0.00011087611934838708
2023-01-26,0.010672732119007489,-0.00048441166850077814,0.01093046946650935,0.031087414577961034
2023-01-27,-0.016554013105999542,-0.004859116062807538,0.002295013759648539,-0.02039794219526072
2023-01-30,-0.02259264464199529,-0.018186794024025364,-0.012626163483671555,-0.023175555174353872
2023-01-31,0.012374989769700837,0.028363797933280102,0.014596219729039241,0.008823481380103769
2023-02-01,-0.031687336647495866,0.010074475061171798,0.010571784063457764,-0.01987836599261977
2023-02-02,-0.006960516716146392,-0.006224772156635423,0.014452065542728746,-0.023063238996140427
2023-02-03,-0.03336543063000143,-0.026278859409047547,-0.010686044403470875,-0.0022080899060784565
2023-02-06,0.009762805958597316,-0.0029630173134989704,-0.0061301540092126355,-0.004547208563567261
2023-02-07,0.04007146066880467,-0.0004946743810934683,0.012993787989035908,0.03197129771506955
2023-02-08,0.01709445682786104,-0.007948351803067187,-0.010995032173208248,-0.008981795190914507
2023-02-09,-0.005238671219238274,-0.01710306518779567,-0.008706939244983699,-0.008602475215190638
2023-02-10,0.02104278018052939,-0.0015231037143085954,0.002331166348961061,0.038418535666363676
2023-02-13,0.005254586934955847,0.009608113907696555,0.01167036942081652,-0.0025528057007028777
2023-02-14,-0.013568070603816167,-0.007070725745619243,-0.00046005451238122317,0.0003333077502950684
2023-02-15,-0.005962608707684238,0.021064035889948162,0.003242020033858945,-0.017144145169081797
2023-02-16,-0.0012732173583038164,-0.027164618775395975,-0.013864540126191593,-0.009881522380756515
2023-02-17,-0.027774201576087686,0.0005097036862743816,-0.0025012776541643495,-0.036262176390327264
2023-02-21,-0.002360560778512077,-0.015926311105992907,-0.020264866734623063,-0.004983241643132912
2023-02-22,-0.029447290678574236,-0.004151574986999135,-0.0013789814417134616,-0.0066836258892889805
2023-02-23,0.019285484238734635,0.0031154257895246655,0.005305290363680832,0.014975651213234228
2023-02-24,0.012260391013708292,-0.01883898087067305,-0.010739949388278418,-0.0012982996333797557
2023-02-27,-0.008421094365324252,0.01676324792393637,0.003400011758793615,0.00294854526276358
2023-02-28,0.017940672597550784,-0.0026009486646027397,-0.003702729350387189,-0.014472464358820625
2023-03-01,0.008271979013680026,0.014477996895855572,-0.003843314040151343,0.019523598927748204
2023-03-02,0.006031474201232518,-0.0051466100213867945,0.007747092863073884,0.008750107244716991
2023-03-03,0.019260562517824452,0.020429802940600608,0.01591064136148972,0.013499069622151035
2023-03-06,0.009741538036617536,0.008557781193734721,0.000692609788884112,0.00045804102251386655
2023-03-07,-0.036450469529008156,-0.010582345447433552,-0.015447542094806904,-0.017564506600116773
2023-03-08,-0.011929577890763479,0.0010127437865724018,0.0016307933652849047,-0.01031170842808645
2023-03-09,-0.0123377652608065,-0.015298680588363516,-0.01862215487158783,-0.014235237037297321
2023-03-10,0.012598579694905953,-0.015014385913175497,-0.014534504638878919,-0.012866294868789274
2023-03-13,-0.02482299637797327,0.005202946901110324,-0.0014263585463919744,-0.02054099826532266
2023-03-14,-0.04750090381919502,0.010838747148341174,0.01639502811282971,0.009834075802102858
2023-03-15,-0.05356111183001665,-0.02389706870226561,-0.006274116817321205,-0.05519588410788783
2023-03-16,0.010885630715347722,-0.003159826641605546,0.017393199432110415,0.01079978026912589
2023-03-17,-0.023837099530488595,-0.03433802498525034,-0.0117617234129944,-0.015853664905877467
2023-03-20,0.013395073691870074,0.014630535497987153,0.00956968812513777,0.01982176284471
2023-03-21,0.02467822435826142,0.022341318538943295,0.013045113352113415,0.03403457968951397
2023-03-22,0.02239271569453471,-0.015907296462493153,-0.01719366310402141,-0.02150078784709507
2023-03-23,-0.013346817995684641,0.007454976360887509,0.0026999098509379047,-0.013950640041041363
2023-03-24,-0.01005606724604635,-0.0042529957952303805,0.006540697277172355,0.0038590814082240903
2023-03-27,0.049985705057510155,0.0010649458979785477,0.0018681188033679672,0.021088234183155453
2023-03-28,0.005342104401159677,0.0,-0.0022474701076031487,0.015343722838679838
2023-03-29,-0.003146964770220413,0.019499966018227736,0.014430345004002369,0.013769612204291248
2023-03-30,0.019004257140160793,0.016563470272820843,0.005838198797183397,0.004385916565748246
2023-03-31,0.01732908486201034,0.015283192919213857,0.0139963839259712,0.006905315561655548
2023-04-03,0.06088112219194424,-0.011184891309545877,0.0038031070003625702,0.04427870728379195
2023-04-04,0.003599593292382364,-0.00512560974594385,-0.005563396400230967,-0.01830025078228006
2023-04-05,-0.001239753125691826,-0.014492881798259926,-0.002621738235499088,0.014944925974418035
2023-04-06,0.0011158185926502604,0.002083196797480422,0.003893205925474071,-0.015297736004726184
2023-04-10,-0.011967222296559991,0.009837046002587398,0.0010258945784273614,0.00797003513543352
2023-04-11,0.022199720539117694,0.0030863735337016084,0.00026858268677047665,0.009411491211936643
2023-04-12,0.020997231721794976,-0.00257121281321941,-0.004084232342657563,0.0006937295535014264
2023-04-13,-0.013299657230972449,0.01887340466605136,0.013195109279654869,0.006221236037134597
2023-04-14,0.004372037329607262,-0.010157568898926739,-0.0024455644989165005,0.0018358924523563986
2023-04-17,-0.020692441123898137,0.016202830949513893,0.0035816467492751905,-0.011878222618563963
2023-04-18,0.0003710653619657546,-0.0005023783558147398,0.0006521994815844913,0.003936507988087609
2023-04-19,-0.021248104764392216,-0.006048309027624207,-0.00016913842340317517,-0.00347268120923222
2023-04-20,-0.023906574032350608,-0.0010118204671262815,-0.005472124916471494,-0.008851468648106632
2023-04-21,0.007476211896137108,0.0020223146164708374,0.0007766953719540102,-0.005866519902547301
2023-04-24,0.011364476033946481,0.0,0.0010427042234366945,0.015181987758291857
2023-04-25,-0.02169118506403655,-0.019893634203026405,-0.016001186929416038,-0.018954541050101182
2023-04-26,-0.036603103033010724,-0.04208907825707834,-0.004244488644825865,-0.0134376642952645
2023-04-27,0.006172018364703903,0.01757684339069974,0.01971222782091692,0.0035853443941235414
2023-04-28,0.026661162512066235,-0.012218180753837753,0.008499226154322406,0.015388563483029902
2023-05-01,-0.014694506066871485,-0.010206642486195697,-0.0010103743188776566,-0.011341089550535529
2023-05-02,-0.05431690462630695,-0.0185291736738063,-0.011302949302123905,-0.044457110939621826
2023-05-03,-0.04364025049205437,-0.0011008084273310035,-0.006887538572988608,-0.019060212847561982
2023-05-04,-0.0005832738089589101,0.006586308493106756,-0.007108283703499031,-0.011203138296917188
2023-05-05,0.039747889917812196,0.01896553510433005,0.018343367496491698,0.026779400445504996
2023-05-08,0.025191744981273616,-0.0026875165192245926,0.000266463950257397,0.0
2023-05-09,0.0074895892016972705,-0.0059378454100296255,-0.004394947156593366,0.00037400657868902923
2023-05-10,-0.01572469062037348,0.0059378454100296255,0.004661416728272249,-0.011402930162676215
2023-05-11,-0.023566520582779076,-0.0043147166169619205,-0.0017453708106102595,-0.012044525728715255
2023-05-12,-0.011780731088234459,0.030345418563649217,-0.0013111838472833388,0.0015293162255806186
2023-05-15,0.015161461989485866,0.00887499051280917,0.003444103588881391,0.005081248087641624
2023-05-16,-0.003521874427818382,-0.02100894858224504,-0.006705050708517149,-0.0248888269470909
2023-05-17,0.027421875320501887,0.005821569782698604,0.012065745703580976,0.01904315983735508
2023-05-18,-0.01340819319232004,-0.011677442732594962,0.009587200544667817,0.007238548655242165
2023-05-19,-0.004323241524433219,-0.005353354408130794,-0.0014560654876472007,0.0076889084645038585
2023-05-22,0.006130642152662373,0.010678202947147589,0.0004058458934314511,-0.004152255828522581
2023-05-23,0.012698663238922174,-0.009605150994110639,-0.011286252843436569,0.010660228696661974
2023-05-24,0.019423261561333362,-0.004298918015194596,-0.007271106372220786,0.004357072820304495
2023-05-25,-0.034346874029264264,-0.00107756932745821,0.008622661427023157,-0.0179213324626541
2023-05-26,0.01162637785348642,-0.0026987977465705417,0.012867628251957922,-0.003928106030879505
2023-05-30,-0.04517758529641315,0.0021595773364323522,0.00038070862477264025,-0.010336264249624328
2023-05-31,-0.019920728423778573,-0.010846030495786923,-0.0055605860542823115,-0.01772929595804322
2023-06-01,0.029092466561861888,0.017833532680053867,0.009456221263493821,0.01232774427309909
2023-06-02,0.023125670053368873,0.005341915171040654,0.014357530669116757,0.029981541678655892
2023-06-05,0.00569886404184349,-0.0037363743443163317,-0.001918043907157429,-0.006655359199858696
2023-06-06,-0.005698864041843443,0.0005343937786591471,0.0021749880607582366,0.008031168404999392
2023-06-07,0.01095181021826159,-0.002963703292040975,-0.003463689092013808,0.02615171396174905
2023-06-08,-0.017244174573166782,0.0026948818251458936,0.006030316722451914,-0.00427053836717953
2023-06-09,-0.015835234802188534,-0.004314981036492464,0.0017928234009517395,-0.005517744587924531
2023-06-12,-0.044438740090224194,0.010752688225453357,0.00903090600384178,-0.009636824414538312
2023-06-13,0.03369288097774668,0.0010688093792833831,0.006571245907275237,0.004706414692135137
2023-06-14,-0.016704601798411153,-0.008044912255355563,0.0011900873028904036,-0.010308651587909806
2023-06-15,0.033843047133893404,0.016026041946798606,0.012321508104601033,0.010926425745863604
2023-06-16,0.016292439320637658,-0.005846507553155207,-0.0034119971254732784,-0.0014831342703406783
2023-06-20,-0.017993158895064698,-0.021007905750938416,-0.005201689702814383,-0.022636141102314825
2023-06-21,0.028387542726777716,-0.005458584518779872,-0.005136878504791735,0.007881236188756236
2023-06-22,-0.04252959469989951,-0.010453979818112599,0.0036032541348287673,-0.01351213003960224
2023-06-23,-0.005047944078749438,-0.016732296865574602,-0.007588891796318639,-0.007212912532429981
2023-06-26,0.003031823224082698,0.0022472375597058338,-0.004094042623775682,0.017808374734992145
2023-06-27,-0.024368402149869475,0.008938566004866057,0.01090353628495484,0.0022833191769596564
2023-06-28,0.02710351954766955,0.002777092094064461,0.0005043348309431197,0.010084508723971847
2023-06-29,0.004303593727232923,-0.004446790683361681,0.003933636482210759,0.011472778077791151
2023-06-30,0.01110329953992615,0.024760419222890677,0.011731729778611017,0.006426834068784449
2023-07-03,-0.012105801508016404,0.0,0.001149883511504261,0.0023382322876016764
2023-07-05,0.028254457193867853,-0.015886304505412174,-0.0014884367194902715,-0.005546383913160675
2023-07-06,0.00013931521652338637,-0.022899789582608028,-0.007861455431912088,-0.02275099910268947
2023-07-07,0.02828689913027681,0.011794619999795902,-0.002527912563026396,0.02126673269169772
2023-07-10,-0.011849001491944946,0.013311283475402272,0.0025279125630265037,0.007767808641866448
2023-07-11,0.02489648236569345,0.0038492726236771897,0.006348296447901596,0.02174652280187321
2023-07-12,0.012219545827684955,0.022253340507961628,0.008013756606454077,0.009211028411809995
2023-07-13,0.01493737671662713,0.013859513243508634,0.007905540525053587,-0.0038174396581918363
2023-07-14,-0.019303353554000074,-0.014396356759788783,-0.0006230116116306331,-0.02677183778678594
2023-07-17,-0.016982378389892278,0.022305838463572494,0.0034661521609464486,-0.0019662394015676965
2023-07-18,0.021348355227265157,-0.006322488501121615,0.00740317509520657,0.010036861640560411
2023-07-19,-0.005294539567523786,0.0031661361176768153,0.002221285761762966,0.005828435431678485
2023-07-20,0.0037090887299437904,-0.013259149083318503,-0.006656554999058744,0.011676606183862933
2023-07-21,0.0188611022782814,0.0005336914631620679,0.0,0.008817027183101152
2023-07-24,0.02143716255522998,-0.0010679868455553002,0.004457191579757179,0.016004072692320723
2023-07-25,0.011239613392143006,0.0005342953823934196,0.002726414157781562,0.005239631140117539
2023-07-26,-0.010731729729882442,-0.004816831240771907,0.00015371693741174678,0.0003482191272320453
2023-07-27,0.016491814562992667,-0.023888158856558962,-0.006652009873342859,-0.006405428732690843
2023-07-28,0.006099545875976461,-0.0010994728529089366,0.009742706053792089,0.003033094517979165
2023-07-31,0.015026778429613846,0.0054855333298284275,0.0019022649958251223,0.018808722980356882
2023-08-01,-0.0052705924534539855,-0.014325438789370844,-0.0028656969521455716,-0.004697877484112515
2023-08-02,-0.023375487751982435,-0.04193249289477666,-0.014008512739664504,-0.013179366699901128
2023-08-03,0.025585165778128107,-0.0028978005359884353,-0.0028698851642669815,0.010073734631927267
2023-08-04,0.015453207943668348,-0.0075734217410914975,-0.004533104944607798,0.0013812811635954957
2023-08-07,-0.01068227251884067,-0.005276959189389951,0.008690669119959173,0.0011500562554604599
2023-08-08,0.011888963571621945,-0.0011765529483689927,-0.004358151932553099,0.004929003684678604
2023-08-09,0.01769115419565046,0.009956155304152834,-0.006707666794898878,0.01250035694291783
2023-08-10,-0.018897845248431876,-0.012903490690033789,0.000358822845832294,-0.00011311900210603305
2023-08-11,0.004457603210535083,-0.004733714769912216,-0.0005832143914966889,0.01524376051398033
2023-08-14,-0.008207653636332482,-0.000593337317736434,0.005504877793363961,-0.004235964604192292
2023-08-15,-0.018593860122389717,-0.03012264946997991,-0.011717372377596883,-0.020996363692141293
2023-08-16,-0.020079251129936113,-0.011070263726723461,-0.007365198511371021,-0.008707842949280497
2023-08-17,0.01264336999299781,-0.012445777602850393,-0.007648980196184146,0.01189695749329998
2023-08-18,0.010641038462359106,-0.0006263517386266965,0.00048131313199885746,0.009844333082648747
2023-08-21,-0.006544430041808612,-0.0018813500940087075,0.00648498039256155,-0.006325558543740785
2023-08-22,-0.004594317974920206,-0.003143825528488383,-0.0027121880550132547,-0.00773525371092682
2023-08-23,-0.018337603822861738,0.016240225814063983,0.01107619307595094,-0.0025154193325775823
2023-08-24,0.002026132890635851,-0.01750042828664013,-0.013955928078954627,-0.0068926907858066705
2023-08-25,0.009818794333739538,0.011285551615000448,0.007024941218551065,0.009636557147359875
2023-08-28,0.003376438430007358,0.003112204569029726,0.006321420665109393,0.006713232319580526
2023-08-29,0.013146725055070738,0.027583828426531606,0.014351306379306828,0.002718074729435261
2023-08-30,0.005774247736830996,-0.022005857389160548,0.004110245278676361,0.0049638742713980725
2023-08-31,0.02420546673482652,-0.006199649944874716,-0.0014643818963903988,0.0006749614544029069
2023-09-01,0.022698761459047576,-0.0006221275550962224,0.0018633678403626919,0.02026120302623553
2023-09-05,0.013237529032623712,-0.01567919192853136,-0.0043312008691956845,0.005276025401314321
2023-09-06,0.009757277178099374,-0.01721438742432864,-0.0067452356361787594,0.0004382938101439376
2023-09-07,-0.007683062332156812,-0.007099013208161261,-0.0030748949892829905,-0.0009867266817684087
2023-09-08,0.007340317070030951,0.0006474396418166423,0.0015049646741228141,0.009606125549066502
2023-09-11,-0.002517177723412052,0.005164610011396533,0.0065551461158057074,-0.013232233024979194
2023-09-12,0.01760103856922371,0.006418509691511455,-0.005500692436169472,0.023284739711118326
2023-09-13,-0.003608480544858315,-0.008997480551343884,0.0011652003422767704,-0.0075570027700362485
2023-09-14,0.018357433089449215,0.02423586379626936,0.008585524187914981,0.011635658643430954
2023-09-15,0.0067428872062673595,-0.013959648362704172,-0.012121535445480754,-0.014565783998325036
2023-09-18,0.007791608294717611,-0.014157088827542939,0.0005862760668639891,0.008438464598156843
2023-09-19,-0.0030655422323710565,0.003880873393977753,-0.0020759899126872898,-0.009380552566310795
2023-09-20,-0.010138925189995375,0.0019349315627123912,-0.009235768011919285,-0.009358661159153127
2023-09-21,-0.007225883702320368,-0.019519168135024297,-0.016666652467418094,-0.013811740514476029
2023-09-22,0.00445287983582428,-0.008578088839144573,-0.002251157242313521,0.0016808244584680828
2023-09-25,-0.003895152394691035,-0.007316343466331405,0.004196558373206303,0.012462729973297663
2023-09-26,0.00788585289105018,-0.020229894447607196,-0.014800232965445807,-0.005766810440158822
2023-09-27,0.035751087489206496,-0.006149682952668853,0.00039900387403896635,0.024608393199887158
2023-09-28,-0.02125330795910164,0.002054031187188929,0.005780742659046542,0.001084455045028139
2023-09-29,-0.010082257120324335,0.0,-0.002429959961652494,-0.02036848083242634
2023-10-02,-0.02193731103961071,-0.03905652650048093,-0.00039766887079152835,-0.020114747414181608
2023-10-03,0.0046054971051253885,-0.028130194382899293,-0.013476497424165075,-0.0006774355493910629
2023-10-04,-0.05778490630519061,0.0058350737944748345,0.007255611641870863,-0.031905465502482216
2023-10-05,-0.022939859904561943,-0.010233996920651715,-0.00037693642101339675,-0.00619984708745946
2023-10-06,0.00581471488570491,0.015311985963310785,0.01180303094448822,0.005966576281537684
2023-10-09,0.042448843526906935,0.0,0.006381719036192964,0.0328161718577949
2023-10-10,-0.004757723350522214,0.03763321503765393,0.005191427552569729,0.0012409444941374752
2023-10-11,-0.029271573766282092,0.009708734732456654,0.004087913080062252,-0.012935562297453356
2023-10-12,-0.006971112321425114,-0.02515844284564439,-0.006115273400931411,0.0011414586582494122
2023-10-13,0.05605216933477332,-0.009242876739358466,-0.0049932741285465205,0.021777778800395945
2023-10-16,-0.01181543706247282,0.01488859568708817,0.010466505596749599,0.00667506269541142
2023-10-17,0.0,0.006313548341089265,-4.594278410337561e-05,0.01036846961079892
2023-10-18,0.018974120503322253,-0.025497226579836343,-0.01341458422554619,0.009066660621228058
2023-10-19,0.01181850705256384,-0.01663670869612865,-0.008825250648904595,-0.0017414577577534427
2023-10-20,-0.006961657770482004,-0.03036151810358959,-0.01236408569180967,-0.016917991800689883
2023-10-23,-0.037424043305457406,-0.004521501106722828,-0.001734815089680481,-0.016307714542435923
2023-10-24,-0.020682649969346264,0.018706088678100308,0.007511209991311738,-0.01417648384479404
2023-10-25,0.01951225569098259,-0.020974528902492486,-0.014456359383396835,-0.0018293515004908303
2023-10-26,-0.025861468861977484,0.007541516306401467,-0.012046677331991022,-0.007811513794404747
2023-10-27,0.02761659159195094,-0.032063856810435644,-0.004543284684027043,-0.024280701060626055
2023-10-30,-0.03849153617823873,-0.0023300293469097145,0.01188491979002371,0.003303551816417353
2023-10-31,-0.015796580982289202,0.011596538861659093,0.006260574551587067,0.003291998531021357
2023-11-01,-0.007184401086049107,-0.010819259030303261,0.010608460770109412,-0.002350528510805638
2023-11-02,0.024801720920969248,0.034367616860525564,0.018982966106334966,0.029790762078478358
2023-11-03,-0.02393188933045226,0.025937030819313076,0.009081967731502544,-0.010101039727729199
2023-11-06,0.0038430290287168557,-0.013996571604434871,0.002297966550548526,-0.011370426633968601
2023-11-07,-0.043625311813656455,-0.005952445022920969,0.0028417330741367674,-0.022419951638056865
2023-11-08,-0.026720657915963647,-0.015037882990357751,0.0007323680745781141,-0.012608802885067237
2023-11-09,0.005427908124148504,-0.00989731331888203,-0.007829391223255478,-0.0030258172879647862
2023-11-10,0.018704362473103198,-0.004601175712939741,0.01548430237851832,0.010969866542580909
2023-11-13,0.014025887336881721,0.0,-0.000953585215524562,0.007167861276876208
2023-11-14,0.0,0.07262449074039362,0.019214921224812206,0.008887689541739064
2023-11-15,-0.020656536355641606,0.0049910922920411325,0.002114782588708876,-0.0018893327402873432
2023-11-16,-0.050291447777470084,-0.01144499288468522,0.0012224425989388783,-0.01969638656159748
2023-11-17,0.04019625542750343,0.006453900592644083,0.0012428909386982578,0.020759587557120825
2023-11-20,0.02228249215254567,0.01841413810313101,0.007668137103035518,0.0014157805687068687
2023-11-21,0.0021883020161747205,-0.019844711251766723,-0.0021816866686267403,-0.002242692558252898
2023-11-22,-0.008652448763582765,-0.0035855551549506125,0.0038532876997372447,-0.0004727310903862141
2023-11-24,-0.020440931374297266,-0.0028776864367395425,0.0006152691023657246,0.004129396280363356
2023-11-27,-0.009042618774556595,-0.007956623178393709,-0.001802589113044525,-0.003538784559188121
2023-11-28,0.02049391495704665,0.01298717081670821,0.0009896002332019373,0.00023649680139960571
2023-11-29,0.018798724434829987,0.01069525724458301,-0.0007036197211700946,-0.007470188861808225
2023-11-30,-0.024705476130070746,0.007771196475900159,0.003929602351004407,0.006643080339233151
2023-12-01,-0.0251962859862309,0.02639040098686143,0.005898532348836257,0.005188565245391441
2023-12-04,-0.014003339083783048,-0.0034329941892759968,-0.005263190616029529,-0.004597953524216124
2023-12-05,-0.009906536957191996,-0.010369851901433053,-0.0001971341974910539,-0.017642290408916697
2023-12-06,-0.04150210991003878,-0.012587554896152478,-0.00403799770018166,-0.015025102224178848
2023-12-07,-0.0005767145110153752,0.0028109514846592536,0.007601517473172417,-0.0068603678643931985
2023-12-08,0.02689223767527876,-0.011291527873118257,0.00428998658177555,0.010759507165671839
2023-12-11,0.0012626635976269154,0.002834857440729468,0.003882030201819385,0.0012153010669917158
2023-12-12,-0.03873848311721898,-0.01713110198869184,0.004556730654345831,-0.01382025118246061
2023-12-13,0.012456716677692235,0.04228954483433626,0.013696015260530565,0.013820251182460747
2023-12-14,0.029920708641966384,0.047178643823877264,0.0032041449796188686,0.028970124462242113
2023-12-15,-0.0020977774791577537,0.007215559531539436,-0.0016479629341894563,-0.005323759005950111
2023-12-18,0.014454746526187893,-0.013820605399862579,0.005609441639658127,0.008134481323706463
2023-12-19,0.013296079590339167,0.026807675884226785,0.006062522284257109,0.011926818760580885
2023-12-20,0.010564892523759216,-0.03218294582331351,-0.013954218811204238,-0.009316596073678756
2023-12-21,-0.0044561795392595365,0.03172760245486237,0.009437305242749565,0.0039022189049580215
2023-12-22,-0.004476125993481734,0.0013004955121229517,0.002007674219698902,0.002946203265809897
2023-12-26,0.026958008447507856,0.013552884125871014,0.004213508025459458,0.008553593340570575
2023-12-27,-0.019508890795290112,0.0025609016229995907,0.0018065093488799277,-0.00444337988476346
2023-12-28,-0.03208396953053284,0.005737911128526449,0.0003776130927993685,-0.015352188013729643
2023-12-29,-0.0016733390980195589,-0.010223675196718499,-0.0028991009959804023,-0.0022637378639247274
